county_fips,state_fips,Area name,Population
1073,1,Jefferson County,674721
1097,1,Mobile County,414809
1089,1,Madison County,388153
1003,1,Baldwin County,231767
1101,1,Montgomery County,228954
1125,1,Tuscaloosa County,227036
1117,1,Shelby County,223024
1081,1,Lee County,174241
1103,1,Morgan County,123421
1015,1,Calhoun County,116441
1069,1,Houston County,107202
1083,1,Limestone County,103570
1055,1,Etowah County,103436
1095,1,Marshall County,97612
1077,1,Lauderdale County,93564
1115,1,St. Clair County,91103
1051,1,Elmore County,87977
1043,1,Cullman County,87866
1121,1,Talladega County,82149
1049,1,DeKalb County,71608
1127,1,Walker County,65342
1113,1,Russell County,59183
1009,1,Blount County,59134
1001,1,Autauga County,58805
1033,1,Colbert County,57227
1031,1,Coffee County,53465
1071,1,Jackson County,52579
1045,1,Dale County,49326
1021,1,Chilton County,45014
1123,1,Tallapoosa County,41311
1047,1,Dallas County,38462
1039,1,Covington County,37570
1053,1,Escambia County,36757
1017,1,Chambers County,34772
1079,1,Lawrence County,33073
1109,1,Pike County,33009
1059,1,Franklin County,32113
1093,1,Marion County,29341
1061,1,Geneva County,26659
1005,1,Barbour County,25223
1019,1,Cherokee County,24971
1133,1,Winston County,23540
1025,1,Clarke County,23087
1007,1,Bibb County,22293
1111,1,Randolph County,21967
1099,1,Monroe County,19772
1087,1,Macon County,19532
1091,1,Marengo County,19323
1107,1,Pickens County,19123
1013,1,Butler County,19051
1067,1,Henry County,17146
1057,1,Fayette County,16321
1129,1,Washington County,15388
1029,1,Cleburne County,15056
1065,1,Hale County,14785
1027,1,Clay County,14236
1075,1,Lamar County,13972
1041,1,Crenshaw County,13194
1023,1,Choctaw County,12665
1119,1,Sumter County,12345
1035,1,Conecuh County,11597
1131,1,Wilcox County,10600
1037,1,Coosa County,10387
1011,1,Bullock County,10357
1085,1,Lowndes County,10311
1105,1,Perry County,8511
1063,1,Greene County,7730
2020,2,Anchorage Municipality,291247
2170,2,Matanuska-Susitna Borough,107081
2090,2,Fairbanks North Star Borough,95655
2122,2,Kenai Peninsula Borough,58799
2110,2,Juneau City and Borough,32255
2050,2,Bethel Census Area,18666
2130,2,Ketchikan Gateway Borough,13948
2150,2,Kodiak Island Borough,13101
2185,2,North Slope Borough,11031
2180,2,Nome Census Area,10046
2220,2,Sitka City and Borough,8458
2158,2,Kusilvak Census Area,8368
2188,2,Northwest Arctic Borough,7793
2063,2,Chugach Census Area,7102
2240,2,Southeast Fairbanks Census Area,6808
2198,2,Prince of Wales-Hyder Census Area,5753
2290,2,Yukon-Koyukuk Census Area,5343
2016,2,Aleutians West Census Area,5232
2070,2,Dillingham Census Area,4857
2013,2,Aleutians East Borough,3420
2195,2,Petersburg Borough,3398
2066,2,Copper River Census Area,2617
2105,2,Hoonah-Angoon Census Area,2365
2275,2,Wrangell City and Borough,2127
2100,2,Haines Borough,2080
2068,2,Denali Borough,1619
2164,2,Lake and Peninsula Borough,1476
2230,2,Skagway Municipality,1240
2060,2,Bristol Bay Borough,844
2282,2,Yakutat City and Borough,662
2201,2,Prince of Wales-Outer Ketchikan Census Area,0
2232,2,Skagway-Hoonah-Angoon Census Area,0
2261,2,Valdez-Cordova Census Area,0
2280,2,Wrangell-Petersburg Census Area,0
4013,4,Maricopa County,4420568
4019,4,Pima County,1043433
4021,4,Pinal County,425264
4025,4,Yavapai County,236209
4015,4,Mohave County,213267
4027,4,Yuma County,203881
4005,4,Coconino County,145101
4003,4,Cochise County,125447
4017,4,Navajo County,106717
4001,4,Apache County,66021
4007,4,Gila County,53272
4023,4,Santa Cruz County,47669
4009,4,Graham County,38533
4012,4,La Paz County,16557
4011,4,Greenlee County,9563
5119,5,Pulaski County,399125
5007,5,Benton County,284333
5143,5,Washington County,245871
5131,5,Sebastian County,127799
5045,5,Faulkner County,123498
5125,5,Saline County,123416
5031,5,Craighead County,111231
5051,5,Garland County,100180
5145,5,White County,76822
5085,5,Lonoke County,74015
5069,5,Jefferson County,67260
5115,5,Pope County,63381
5033,5,Crawford County,60133
5035,5,Crittenden County,48163
5055,5,Greene County,45736
5091,5,Miller County,42600
5005,5,Baxter County,41627
5093,5,Mississippi County,40685
5139,5,Union County,39054
5063,5,Independence County,37938
5009,5,Boone County,37373
5059,5,Hot Spring County,33040
5015,5,Carroll County,28260
5071,5,Johnson County,25749
5023,5,Cleburne County,24711
5123,5,St. Francis County,23090
5111,5,Poinsett County,22965
5027,5,Columbia County,22801
5103,5,Ouachita County,22650
5019,5,Clark County,21446
5083,5,Logan County,21131
5029,5,Conway County,20715
5149,5,Yell County,20263
5057,5,Hempstead County,20065
5113,5,Polk County,19221
5003,5,Ashley County,19062
5121,5,Randolph County,18571
5053,5,Grant County,17958
5043,5,Drew County,17350
5135,5,Sharp County,17271
5001,5,Arkansas County,17149
5047,5,Franklin County,17097
5037,5,Cross County,16833
5089,5,Marion County,16826
5067,5,Jackson County,16755
5107,5,Phillips County,16568
5087,5,Madison County,16521
5075,5,Lawrence County,16216
5133,5,Sevier County,15839
5141,5,Van Buren County,15796
5021,5,Clay County,14552
5065,5,Izard County,13577
5079,5,Lincoln County,12941
5061,5,Howard County,12785
5137,5,Stone County,12359
5049,5,Fulton County,12075
5081,5,Little River County,12026
5041,5,Desha County,11395
5011,5,Bradley County,10545
5017,5,Chicot County,10208
5109,5,Pike County,10171
5105,5,Perry County,10019
5127,5,Scott County,9836
5077,5,Lee County,8600
5097,5,Montgomery County,8484
5099,5,Nevada County,8310
5117,5,Prairie County,8282
5129,5,Searcy County,7828
5025,5,Cleveland County,7550
5101,5,Newton County,7225
5095,5,Monroe County,6799
5039,5,Dallas County,6482
5073,5,Lafayette County,6308
5147,5,Woodruff County,6269
5013,5,Calhoun County,4739
6037,6,Los Angeles County,10014009
6073,6,San Diego County,3298634
6059,6,Orange County,3186989
6065,6,Riverside County,2418185
6071,6,San Bernardino County,2181654
6085,6,Santa Clara County,1936259
6001,6,Alameda County,1682353
6067,6,Sacramento County,1585055
6013,6,Contra Costa County,1165927
6019,6,Fresno County,1008654
6029,6,Kern County,909235
6075,6,San Francisco County,873965
6111,6,Ventura County,843843
6077,6,San Joaquin County,779233
6081,6,San Mateo County,764442
6099,6,Stanislaus County,552878
6097,6,Sonoma County,488863
6107,6,Tulare County,473117
6095,6,Solano County,453491
6083,6,Santa Barbara County,448229
6053,6,Monterey County,439035
6061,6,Placer County,404739
6079,6,San Luis Obispo County,282424
6047,6,Merced County,281202
6087,6,Santa Cruz County,270861
6041,6,Marin County,262321
6113,6,Yolo County,216403
6007,6,Butte County,211632
6017,6,El Dorado County,191185
6089,6,Shasta County,182155
6025,6,Imperial County,179702
6039,6,Madera County,156255
6031,6,Kings County,152486
6055,6,Napa County,138019
6023,6,Humboldt County,136463
6057,6,Nevada County,102241
6101,6,Sutter County,99633
6045,6,Mendocino County,91601
6115,6,Yuba County,81575
6033,6,Lake County,68163
6103,6,Tehama County,65829
6069,6,San Benito County,64209
6109,6,Tuolumne County,55620
6009,6,Calaveras County,45292
6093,6,Siskiyou County,44076
6005,6,Amador County,40474
6035,6,Lassen County,32730
6021,6,Glenn County,28917
6015,6,Del Norte County,27743
6011,6,Colusa County,21839
6063,6,Plumas County,19790
6027,6,Inyo County,19016
6043,6,Mariposa County,17131
6105,6,Trinity County,16112
6051,6,Mono County,13195
6049,6,Modoc County,8700
6091,6,Sierra County,3236
6003,6,Alpine County,1204
8041,8,El Paso County,730395
8031,8,Denver County,715522
8005,8,Arapahoe County,655070
8059,8,Jefferson County,582910
8001,8,Adams County,519572
8069,8,Larimer County,359066
8035,8,Douglas County,357978
8013,8,Boulder County,330758
8123,8,Weld County,328981
8101,8,Pueblo County,168162
8077,8,Mesa County,155703
8014,8,Broomfield County,74112
8045,8,Garfield County,61685
8037,8,Eagle County,55731
8067,8,La Plata County,55638
8043,8,Fremont County,48939
8085,8,Montrose County,42679
8029,8,Delta County,31196
8117,8,Summit County,31055
8087,8,Morgan County,29111
8039,8,Elbert County,26062
8083,8,Montezuma County,25849
8107,8,Routt County,24829
8119,8,Teller County,24710
8075,8,Logan County,21528
8015,8,Chaffee County,19476
8089,8,Otero County,18690
8093,8,Park County,17390
8097,8,Pitkin County,17358
8051,8,Gunnison County,16918
8003,8,Alamosa County,16376
8049,8,Grand County,15717
8071,8,Las Animas County,14555
8007,8,Archuleta County,13359
8081,8,Moffat County,13292
8099,8,Prowers County,11999
8105,8,Rio Grande County,11539
8125,8,Yuma County,9988
8019,8,Clear Creek County,9397
8113,8,San Miguel County,8072
8021,8,Conejos County,7461
8065,8,Lake County,7436
8063,8,Kit Carson County,7087
8055,8,Huerfano County,6820
8103,8,Rio Blanco County,6529
8109,8,Saguache County,6368
8025,8,Crowley County,5922
8047,8,Gilpin County,5808
8073,8,Lincoln County,5675
8011,8,Bent County,5650
8091,8,Ouray County,4874
8121,8,Washington County,4817
8027,8,Custer County,4704
8095,8,Phillips County,4530
8009,8,Baca County,3506
8023,8,Costilla County,3499
8115,8,Sedgwick County,2404
8033,8,Dolores County,2326
8017,8,Cheyenne County,1748
8061,8,Kiowa County,1446
8057,8,Jackson County,1379
8079,8,Mineral County,865
8053,8,Hinsdale County,788
8111,8,San Juan County,705
9001,9,Fairfield County,957419
9003,9,Hartford County,899498
9009,9,New Haven County,864835
9011,9,New London County,268555
9005,9,Litchfield County,185186
9007,9,Middlesex County,164245
9013,9,Tolland County,149788
9015,9,Windham County,116418
10003,10,New Castle County,570719
10005,10,Sussex County,237378
10001,10,Kent County,181851
11001,11,District of Columbia,689545
12086,12,Miami-Dade County,2701767
12011,12,Broward County,1944375
12099,12,Palm Beach County,1492191
12057,12,Hillsborough County,1459762
12095,12,Orange County,1429908
12031,12,Duval County,995567
12103,12,Pinellas County,959107
12071,12,Lee County,760822
12105,12,Polk County,725046
12009,12,Brevard County,606612
12101,12,Pasco County,561891
12127,12,Volusia County,553543
12117,12,Seminole County,470856
12115,12,Sarasota County,434006
12081,12,Manatee County,399710
12097,12,Osceola County,388656
12069,12,Lake County,383956
12083,12,Marion County,375908
12021,12,Collier County,375752
12111,12,St. Lucie County,329226
12033,12,Escambia County,321905
12073,12,Leon County,292198
12001,12,Alachua County,278468
12109,12,St. Johns County,273425
12019,12,Clay County,218245
12091,12,Okaloosa County,211668
12053,12,Hernando County,194515
12113,12,Santa Rosa County,188000
12015,12,Charlotte County,186847
12005,12,Bay County,175216
12061,12,Indian River County,159788
12085,12,Martin County,158431
12017,12,Citrus County,153843
12119,12,Sumter County,129752
12035,12,Flagler County,115378
12055,12,Highlands County,101235
12089,12,Nassau County,90352
12087,12,Monroe County,82874
12131,12,Walton County,75305
12107,12,Putnam County,73321
12023,12,Columbia County,69698
12063,12,Jackson County,47319
12039,12,Gadsden County,43826
12121,12,Suwannee County,43474
12075,12,Levy County,42915
12093,12,Okeechobee County,39644
12051,12,Hendry County,39619
12027,12,DeSoto County,33976
12129,12,Wakulla County,33764
12007,12,Bradford County,28303
12003,12,Baker County,28259
12049,12,Hardee County,25327
12133,12,Washington County,25318
12123,12,Taylor County,21796
12059,12,Holmes County,19653
12079,12,Madison County,17968
12041,12,Gilchrist County,17864
12029,12,Dixie County,16759
12125,12,Union County,16147
12065,12,Jefferson County,14510
12045,12,Gulf County,14192
12047,12,Hamilton County,14004
12013,12,Calhoun County,13648
12037,12,Franklin County,12451
12043,12,Glades County,12126
12067,12,Lafayette County,8226
12077,12,Liberty County,7974
13121,13,Fulton County,1066710
13135,13,Gwinnett County,957062
13067,13,Cobb County,766149
13089,13,DeKalb County,764382
13063,13,Clayton County,297595
13051,13,Chatham County,295291
13057,13,Cherokee County,266620
13117,13,Forsyth County,251283
13151,13,Henry County,240712
13215,13,Muscogee County,206922
13245,13,Richmond County,206607
13139,13,Hall County,203136
13223,13,Paulding County,168661
13153,13,Houston County,163633
13021,13,Bibb County,157346
13073,13,Columbia County,156010
13077,13,Coweta County,146158
13097,13,Douglas County,144237
13059,13,Clarke County,128671
13113,13,Fayette County,119194
13045,13,Carroll County,119148
13185,13,Lowndes County,118251
13217,13,Newton County,112483
13015,13,Bartow County,108901
13313,13,Whitfield County,102864
13115,13,Floyd County,98584
13297,13,Walton County,96673
13247,13,Rockdale County,93570
13095,13,Dougherty County,85790
13127,13,Glynn County,84499
13013,13,Barrow County,83505
13031,13,Bulloch County,81099
13157,13,Jackson County,75907
13285,13,Troup County,69426
13047,13,Catoosa County,67872
13295,13,Walker County,67654
13255,13,Spalding County,67306
13179,13,Liberty County,65256
13103,13,Effingham County,64769
13129,13,Gordon County,57544
13039,13,Camden County,54768
13175,13,Laurens County,49570
13137,13,Habersham County,46031
13071,13,Colquitt County,45898
13275,13,Thomas County,45798
13029,13,Bryan County,44738
13009,13,Baldwin County,43799
13069,13,Coffee County,43092
13233,13,Polk County,42853
13219,13,Oconee County,41799
13277,13,Tift County,41344
13213,13,Murray County,39973
13299,13,Ware County,36251
13145,13,Harris County,34668
13187,13,Lumpkin County,33488
13227,13,Pickens County,33216
13177,13,Lee County,33163
13123,13,Gilmer County,31353
13305,13,Wayne County,30144
13195,13,Madison County,30120
13143,13,Haralson County,29919
13261,13,Sumter County,29616
13087,13,Decatur County,29367
13169,13,Jones County,28347
13311,13,White County,28003
13225,13,Peach County,27981
13207,13,Monroe County,27957
13293,13,Upson County,27700
13279,13,Toombs County,27030
13085,13,Dawson County,26798
13257,13,Stephens County,26784
13131,13,Grady County,26236
13147,13,Hart County,25828
13035,13,Butts County,25434
13111,13,Fannin County,25319
13055,13,Chattooga County,24965
13291,13,Union County,24632
13033,13,Burke County,24596
13119,13,Franklin County,23424
13267,13,Tattnall County,22842
13107,13,Emanuel County,22768
13237,13,Putnam County,22047
13205,13,Mitchell County,21755
13189,13,McDuffie County,21632
13321,13,Worth County,20784
13199,13,Meriwether County,20613
13081,13,Crisp County,20128
13211,13,Morgan County,20097
13303,13,Washington County,19988
13091,13,Dodge County,19925
13229,13,Pierce County,19716
13105,13,Elbert County,19637
13133,13,Greene County,18915
13231,13,Pike County,18889
13171,13,Lamar County,18500
13001,13,Appling County,18444
13019,13,Berrien County,18160
13011,13,Banks County,18035
13025,13,Brantley County,18021
13075,13,Cook County,17229
13017,13,Ben Hill County,17194
13241,13,Rabun County,16883
13027,13,Brooks County,16301
13083,13,Dade County,16251
13183,13,Long County,16168
13163,13,Jefferson County,15709
13221,13,Oglethorpe County,14825
13161,13,Jeff Davis County,14779
13159,13,Jasper County,14588
13251,13,Screven County,14067
13023,13,Bleckley County,12583
13049,13,Charlton County,12518
13281,13,Towns County,12493
13271,13,Telfair County,12477
13079,13,Crawford County,12130
13193,13,Macon County,12082
13149,13,Heard County,11412
13093,13,Dooly County,11208
13005,13,Bacon County,11140
13043,13,Candler County,10981
13191,13,McIntosh County,10975
13099,13,Early County,10854
13109,13,Evans County,10774
13173,13,Lanier County,9877
13235,13,Pulaski County,9855
13155,13,Irwin County,9666
13053,13,Chattahoochee County,9565
13317,13,Wilkes County,9565
13167,13,Johnson County,9189
13273,13,Terrell County,9185
13253,13,Seminole County,9147
13287,13,Turner County,9006
13319,13,Wilkinson County,8877
13315,13,Wilcox County,8766
13141,13,Hancock County,8735
13165,13,Jenkins County,8674
13209,13,Montgomery County,8610
13003,13,Atkinson County,8286
13289,13,Twiggs County,8022
13269,13,Taylor County,7816
13181,13,Lincoln County,7690
13197,13,Marion County,7498
13309,13,Wheeler County,7471
13065,13,Clinch County,6749
13243,13,Randolph County,6425
13283,13,Treutlen County,6406
13201,13,Miller County,6000
13263,13,Talbot County,5733
13037,13,Calhoun County,5573
13259,13,Stewart County,5314
13301,13,Warren County,5215
13249,13,Schley County,4547
13101,13,Echols County,3697
13125,13,Glascock County,2884
13007,13,Baker County,2876
13061,13,Clay County,2848
13307,13,Webster County,2348
13239,13,Quitman County,2235
13265,13,Taliaferro County,1559
15003,15,Honolulu County,1016508
15001,15,Hawaii County,200629
15009,15,Maui County,164754
15007,15,Kauai County,73298
15005,15,Kalawao County,82
16001,16,Ada County,494967
16027,16,Canyon County,231105
16055,16,Kootenai County,171362
16019,16,Bonneville County,123964
16083,16,Twin Falls County,90046
16005,16,Bannock County,87018
16065,16,Madison County,52913
16011,16,Bingham County,47992
16017,16,Bonner County,47110
16069,16,Nez Perce County,42090
16057,16,Latah County,39517
16051,16,Jefferson County,30891
16039,16,Elmore County,28666
16075,16,Payette County,25386
16031,16,Cassia County,24655
16013,16,Blaine County,24272
16053,16,Jerome County,24237
16067,16,Minidoka County,21613
16045,16,Gem County,19123
16049,16,Idaho County,16541
16047,16,Gooding County,15598
16041,16,Franklin County,14194
16043,16,Fremont County,13388
16079,16,Shoshone County,13169
16021,16,Boundary County,12056
16073,16,Owyhee County,11913
16085,16,Valley County,11746
16081,16,Teton County,11630
16087,16,Washington County,10500
16009,16,Benewah County,9530
16035,16,Clearwater County,8734
16059,16,Lemhi County,7974
16077,16,Power County,7878
16015,16,Boise County,7610
16029,16,Caribou County,7027
16007,16,Bear Lake County,6372
16063,16,Lincoln County,5127
16071,16,Oneida County,4564
16003,16,Adams County,4379
16037,16,Custer County,4275
16061,16,Lewis County,3533
16023,16,Butte County,2574
16025,16,Camas County,1077
16033,16,Clark County,790
17031,17,Cook County,5275541
17043,17,DuPage County,932877
17097,17,Lake County,714342
17197,17,Will County,696355
17089,17,Kane County,516522
17111,17,McHenry County,310229
17201,17,Winnebago County,285350
17119,17,Madison County,265859
17163,17,St. Clair County,257400
17019,17,Champaign County,205865
17167,17,Sangamon County,196343
17143,17,Peoria County,181830
17113,17,McLean County,170954
17161,17,Rock Island County,144672
17093,17,Kendall County,131869
17179,17,Tazewell County,131343
17099,17,LaSalle County,109658
17091,17,Kankakee County,107502
17115,17,Macon County,103998
17037,17,DeKalb County,100420
17183,17,Vermilion County,74188
17199,17,Williamson County,67153
17001,17,Adams County,65737
17195,17,Whiteside County,55691
17007,17,Boone County,53448
17077,17,Jackson County,52974
17063,17,Grundy County,52533
17141,17,Ogle County,51788
17095,17,Knox County,49967
17073,17,Henry County,49284
17029,17,Coles County,46863
17117,17,Macoupin County,44967
17177,17,Stephenson County,44630
17203,17,Woodford County,38467
17055,17,Franklin County,37804
17121,17,Marion County,37729
17081,17,Jefferson County,37113
17027,17,Clinton County,36899
17105,17,Livingston County,35815
17133,17,Monroe County,34962
17049,17,Effingham County,34668
17103,17,Lee County,34145
17021,17,Christian County,34032
17057,17,Fulton County,33609
17011,17,Bureau County,33244
17137,17,Morgan County,32915
17157,17,Randolph County,30163
17135,17,Montgomery County,28288
17107,17,Logan County,27987
17109,17,McDonough County,27238
17075,17,Iroquois County,27077
17165,17,Saline County,23768
17085,17,Jo Daviess County,22035
17083,17,Jersey County,21512
17051,17,Fayette County,21488
17173,17,Shelby County,20990
17145,17,Perry County,20945
17041,17,Douglas County,19740
17033,17,Crawford County,18679
17067,17,Hancock County,17620
17181,17,Union County,17244
17045,17,Edgar County,16866
17187,17,Warren County,16835
17005,17,Bond County,16725
17147,17,Piatt County,16673
17191,17,Wayne County,16179
17159,17,Richland County,15813
17015,17,Carroll County,15702
17131,17,Mercer County,15699
17039,17,De Witt County,15516
17023,17,Clark County,15455
17101,17,Lawrence County,15280
17149,17,Pike County,14739
17139,17,Moultrie County,14526
17127,17,Massac County,14169
17193,17,White County,13877
17189,17,Washington County,13761
17053,17,Ford County,13534
17087,17,Johnson County,13308
17025,17,Clay County,13288
17125,17,Mason County,13086
17017,17,Cass County,13042
17129,17,Menard County,12297
17061,17,Greene County,11985
17123,17,Marshall County,11742
17185,17,Wabash County,11361
17035,17,Cumberland County,10450
17079,17,Jasper County,9287
17065,17,Hamilton County,7993
17169,17,Schuyler County,6902
17071,17,Henderson County,6387
17047,17,Edwards County,6245
17009,17,Brown County,6244
17155,17,Putnam County,5637
17175,17,Stark County,5400
17003,17,Alexander County,5240
17153,17,Pulaski County,5193
17171,17,Scott County,4949
17059,17,Gallatin County,4946
17013,17,Calhoun County,4437
17151,17,Pope County,3763
17069,17,Hardin County,3649
18097,18,Marion County,977203
18089,18,Lake County,498700
18003,18,Allen County,385410
18057,18,Hamilton County,347467
18141,18,St. Joseph County,272912
18039,18,Elkhart County,207047
18157,18,Tippecanoe County,186251
18163,18,Vanderburgh County,180136
18063,18,Hendricks County,174788
18127,18,Porter County,173215
18081,18,Johnson County,161765
18105,18,Monroe County,139718
18095,18,Madison County,130129
18019,18,Clark County,121093
18091,18,LaPorte County,112417
18035,18,Delaware County,111903
18167,18,Vigo County,106153
18067,18,Howard County,83658
18005,18,Bartholomew County,82208
18043,18,Floyd County,80484
18085,18,Kosciusko County,80240
18059,18,Hancock County,79840
18109,18,Morgan County,71780
18011,18,Boone County,70812
18053,18,Grant County,66674
18177,18,Wayne County,66553
18173,18,Warrick County,63898
18029,18,Dearborn County,50679
18065,18,Henry County,48914
18113,18,Noble County,47457
18071,18,Jackson County,46428
18099,18,Marshall County,46095
18145,18,Shelby County,45055
18093,18,Lawrence County,45011
18037,18,Dubois County,43637
18033,18,DeKalb County,43265
18087,18,LaGrange County,40446
18061,18,Harrison County,39654
18107,18,Montgomery County,37936
18017,18,Cass County,37870
18133,18,Putnam County,36726
18069,18,Huntington County,36662
18083,18,Knox County,36282
18103,18,Miami County,35962
18001,18,Adams County,35809
18151,18,Steuben County,34435
18183,18,Whitley County,34191
18027,18,Daviess County,33381
18023,18,Clinton County,33190
18077,18,Jefferson County,33147
18051,18,Gibson County,33011
18073,18,Jasper County,32918
18169,18,Wabash County,30976
18055,18,Greene County,30803
18137,18,Ripley County,28995
18175,18,Washington County,28182
18179,18,Wells County,28180
18079,18,Jennings County,27613
18031,18,Decatur County,26472
18021,18,Clay County,26466
18129,18,Posey County,25222
18181,18,White County,24688
18135,18,Randolph County,24502
18143,18,Scott County,24384
18041,18,Fayette County,23398
18149,18,Starke County,23371
18047,18,Franklin County,22785
18119,18,Owen County,21321
18153,18,Sullivan County,20817
18049,18,Fulton County,20480
18075,18,Jay County,20478
18015,18,Carroll County,20306
18117,18,Orange County,19867
18147,18,Spencer County,19810
18123,18,Perry County,19170
18139,18,Rush County,16752
18045,18,Fountain County,16479
18121,18,Parke County,16156
18013,18,Brown County,15475
18165,18,Vermillion County,15439
18159,18,Tipton County,15359
18111,18,Newton County,13830
18131,18,Pulaski County,12514
18125,18,Pike County,12250
18009,18,Blackford County,12112
18025,18,Crawford County,10526
18101,18,Martin County,9812
18155,18,Switzerland County,9737
18007,18,Benton County,8719
18171,18,Warren County,8440
18161,18,Union County,7087
18115,18,Ohio County,5940
19153,19,Polk County,492401
19113,19,Linn County,230299
19163,19,Scott County,174669
19103,19,Johnson County,152854
19013,19,Black Hawk County,131144
19193,19,Woodbury County,105941
19049,19,Dallas County,99678
19061,19,Dubuque County,99266
19169,19,Story County,98537
19155,19,Pottawattamie County,93667
19181,19,Warren County,52403
19045,19,Clinton County,46460
19139,19,Muscatine County,43235
19033,19,Cerro Gordo County,43127
19127,19,Marshall County,40105
19057,19,Des Moines County,38910
19099,19,Jasper County,37813
19187,19,Webster County,36999
19167,19,Sioux County,35872
19179,19,Wapello County,35437
19111,19,Lee County,33555
19125,19,Marion County,33414
19015,19,Boone County,26715
19149,19,Plymouth County,25698
19011,19,Benton County,25575
19017,19,Bremer County,24988
19183,19,Washington County,22565
19123,19,Mahaska County,22190
19021,19,Buena Vista County,20823
19027,19,Carroll County,20760
19105,19,Jones County,20646
19019,19,Buchanan County,20565
19087,19,Henry County,20482
19191,19,Winneshiek County,20070
19065,19,Fayette County,19509
19097,19,Jackson County,19485
19157,19,Poweshiek County,18662
19031,19,Cedar County,18505
19059,19,Dickinson County,17703
19055,19,Delaware County,17488
19171,19,Tama County,17135
19043,19,Clayton County,17043
19083,19,Hardin County,16878
19095,19,Iowa County,16662
19121,19,Madison County,16548
19047,19,Crawford County,16525
19041,19,Clay County,16384
19101,19,Jefferson County,15663
19067,19,Floyd County,15627
19145,19,Page County,15211
19079,19,Hamilton County,15039
19109,19,Kossuth County,14828
19085,19,Harrison County,14582
19129,19,Mills County,14484
19023,19,Butler County,14334
19141,19,O'Brien County,14182
19005,19,Allamakee County,14061
19029,19,Cass County,13127
19197,19,Wright County,12943
19075,19,Grundy County,12329
19007,19,Appanoose County,12317
19175,19,Union County,12138
19037,19,Chickasaw County,12012
19119,19,Lyon County,11934
19165,19,Shelby County,11746
19035,19,Cherokee County,11658
19115,19,Louisa County,10837
19081,19,Hancock County,10795
19189,19,Winnebago County,10679
19077,19,Guthrie County,10623
19131,19,Mitchell County,10565
19137,19,Montgomery County,10330
19107,19,Keokuk County,10033
19069,19,Franklin County,10019
19025,19,Calhoun County,9927
19161,19,Sac County,9814
19039,19,Clarke County,9748
19091,19,Humboldt County,9597
19089,19,Howard County,9469
19063,19,Emmet County,9388
19051,19,Davis County,9110
19147,19,Palo Alto County,8996
19073,19,Greene County,8771
19133,19,Monona County,8751
19117,19,Lucas County,8634
19053,19,Decatur County,7645
19135,19,Monroe County,7577
19001,19,Adair County,7496
19195,19,Worth County,7443
19177,19,Van Buren County,7203
19151,19,Pocahontas County,7078
19093,19,Ida County,7005
19071,19,Fremont County,6605
19185,19,Wayne County,6497
19143,19,Osceola County,6192
19173,19,Taylor County,5896
19009,19,Audubon County,5674
19159,19,Ringgold County,4663
19003,19,Adams County,3704
20091,20,Johnson County,609863
20173,20,Sedgwick County,523824
20177,20,Shawnee County,178909
20209,20,Wyandotte County,169245
20045,20,Douglas County,118785
20103,20,Leavenworth County,81881
20161,20,Riley County,71959
20015,20,Butler County,67380
20155,20,Reno County,61898
20169,20,Saline County,54303
20037,20,Crawford County,38972
20055,20,Finney County,38470
20061,20,Geary County,36739
20035,20,Cowley County,34549
20057,20,Ford County,34287
20121,20,Miami County,34191
20079,20,Harvey County,34024
20111,20,Lyon County,32179
20125,20,Montgomery County,31486
20113,20,McPherson County,30223
20051,20,Ellis County,28934
20059,20,Franklin County,25996
20009,20,Barton County,25493
20149,20,Pottawatomie County,25348
20191,20,Sumner County,22382
20175,20,Seward County,21964
20099,20,Labette County,20184
20021,20,Cherokee County,19362
20041,20,Dickinson County,18402
20087,20,Jefferson County,18368
20005,20,Atchison County,16348
20133,20,Neosho County,15904
20139,20,Osage County,15766
20011,20,Bourbon County,14360
20085,20,Jackson County,13232
20001,20,Allen County,12526
20115,20,Marion County,11823
20131,20,Nemaha County,10273
20117,20,Marshall County,10038
20107,20,Linn County,9591
20013,20,Brown County,9508
20159,20,Rice County,9427
20151,20,Pratt County,9157
20029,20,Cloud County,9032
20205,20,Wilson County,8624
20031,20,Coffey County,8360
20027,20,Clay County,8117
20193,20,Thomas County,7930
20003,20,Anderson County,7836
20043,20,Doniphan County,7510
20095,20,Kingman County,7470
20067,20,Grant County,7352
20197,20,Wabaunsee County,6877
20167,20,Russell County,6691
20053,20,Ellsworth County,6376
20145,20,Pawnee County,6253
20073,20,Greenwood County,6016
20181,20,Sherman County,5927
20123,20,Mitchell County,5796
20143,20,Ottawa County,5735
20069,20,Gray County,5653
20201,20,Washington County,5530
20077,20,Harper County,5485
20137,20,Norton County,5459
20127,20,Morris County,5386
20189,20,Stevens County,5250
20171,20,Scott County,5151
20147,20,Phillips County,4981
20163,20,Rooks County,4919
20157,20,Republic County,4674
20007,20,Barber County,4228
20185,20,Stafford County,4072
20119,20,Meade County,4055
20093,20,Kearny County,3983
20081,20,Haskell County,3780
20183,20,Smith County,3570
20141,20,Osborne County,3500
20019,20,Chautauqua County,3379
20207,20,Woodson County,3115
20165,20,Rush County,2956
20105,20,Lincoln County,2939
20089,20,Jewell County,2932
20047,20,Edwards County,2907
20195,20,Trego County,2808
20039,20,Decatur County,2764
20109,20,Logan County,2762
20063,20,Gove County,2718
20129,20,Morton County,2701
20135,20,Ness County,2687
20023,20,Cheyenne County,2616
20017,20,Chase County,2572
20153,20,Rawlins County,2561
20075,20,Hamilton County,2518
20049,20,Elk County,2483
20097,20,Kiowa County,2460
20179,20,Sheridan County,2447
20065,20,Graham County,2415
20203,20,Wichita County,2152
20187,20,Stanton County,2084
20025,20,Clark County,1991
20083,20,Hodgeman County,1723
20033,20,Comanche County,1689
20101,20,Lane County,1574
20199,20,Wallace County,1512
20071,20,Greeley County,1284
21111,21,Jefferson County,782969
21067,21,Fayette County,322570
21117,21,Kenton County,169064
21015,21,Boone County,135968
21227,21,Warren County,134554
21093,21,Hardin County,110702
21059,21,Daviess County,103312
21037,21,Campbell County,93076
21151,21,Madison County,92701
21029,21,Bullitt County,82217
21047,21,Christian County,72748
21145,21,McCracken County,67875
21185,21,Oldham County,67607
21199,21,Pulaski County,65034
21125,21,Laurel County,62613
21195,21,Pike County,58669
21209,21,Scott County,57155
21113,21,Jessamine County,52991
21073,21,Franklin County,51541
21019,21,Boyd County,48261
21211,21,Shelby County,48065
21179,21,Nelson County,46738
21107,21,Hopkins County,45423
21101,21,Henderson County,44793
21009,21,Barren County,44485
21035,21,Calloway County,37103
21049,21,Clark County,36972
21235,21,Whitley County,36712
21083,21,Graves County,36649
21089,21,Greenup County,35962
21071,21,Floyd County,35942
21157,21,Marshall County,31659
21177,21,Muhlenberg County,30928
21021,21,Boyle County,30614
21121,21,Knox County,30193
21163,21,Meade County,30003
21193,21,Perry County,28473
21173,21,Montgomery County,28114
21141,21,Logan County,27432
21239,21,Woodford County,26871
21095,21,Harlan County,26831
21043,21,Carter County,26627
21085,21,Grayson County,26420
21217,21,Taylor County,26023
21081,21,Grant County,24941
21205,21,Rowan County,24662
21137,21,Lincoln County,24275
21013,21,Bell County,24097
21005,21,Anderson County,23852
21183,21,Ohio County,23772
21115,21,Johnson County,22680
21167,21,Mercer County,22641
21133,21,Letcher County,21548
21003,21,Allen County,20588
21027,21,Breckinridge County,20432
21051,21,Clay County,20345
21017,21,Bourbon County,20252
21213,21,Simpson County,19594
21155,21,Marion County,19581
21231,21,Wayne County,19555
21215,21,Spencer County,19490
21099,21,Hart County,19288
21001,21,Adair County,18903
21097,21,Harrison County,18692
21207,21,Russell County,17991
21161,21,Mason County,17120
21079,21,Garrard County,16953
21147,21,McCreary County,16888
21127,21,Lawrence County,16293
21203,21,Rockcastle County,16037
21045,21,Casey County,15941
21103,21,Henry County,15678
21069,21,Fleming County,15082
21123,21,Larue County,14867
21191,21,Pendleton County,14644
21119,21,Knott County,14251
21065,21,Estill County,14163
21221,21,Trigg County,14061
21175,21,Morgan County,13726
21025,21,Breathitt County,13718
21225,21,Union County,13668
21197,21,Powell County,13129
21135,21,Lewis County,13080
21233,21,Webster County,13017
21109,21,Jackson County,12955
21011,21,Bath County,12750
21033,21,Caldwell County,12649
21031,21,Butler County,12371
21219,21,Todd County,12243
21061,21,Edmonson County,12126
21229,21,Washington County,12027
21153,21,Magoffin County,11637
21171,21,Monroe County,11338
21159,21,Martin County,11287
21187,21,Owen County,11278
21087,21,Green County,11107
21041,21,Carroll County,10810
21131,21,Leslie County,10513
21169,21,Metcalfe County,10286
21053,21,Clinton County,9253
21149,21,McLean County,9152
21091,21,Hancock County,9095
21055,21,Crittenden County,8990
21139,21,Livingston County,8888
21077,21,Gallatin County,8690
21143,21,Lyon County,8680
21223,21,Trimble County,8474
21023,21,Bracken County,8400
21007,21,Ballard County,7728
21181,21,Nicholas County,7537
21129,21,Lee County,7395
21063,21,Elliott County,7354
21237,21,Wolfe County,6562
21075,21,Fulton County,6515
21165,21,Menifee County,6113
21057,21,Cumberland County,5888
21039,21,Carlisle County,4826
21105,21,Hickman County,4521
21189,21,Owsley County,4051
21201,21,Robertson County,2193
22033,22,East Baton Rouge Parish,456781
22051,22,Jefferson Parish,440781
22071,22,Orleans Parish,383997
22103,22,St. Tammany Parish,264570
22055,22,Lafayette Parish,241753
22017,22,Caddo Parish,237848
22019,22,Calcasieu Parish,216785
22073,22,Ouachita Parish,160368
22063,22,Livingston Parish,142282
22105,22,Tangipahoa Parish,133157
22079,22,Rapides Parish,130023
22015,22,Bossier Parish,128746
22005,22,Ascension Parish,126500
22109,22,Terrebonne Parish,109580
22057,22,Lafourche Parish,97557
22097,22,St. Landry Parish,82540
22045,22,Iberia Parish,69929
22001,22,Acadia Parish,57576
22113,22,Vermilion Parish,57359
22089,22,St. Charles Parish,52549
22099,22,St. Martin Parish,51767
22101,22,St. Mary Parish,49406
22115,22,Vernon Parish,48750
22061,22,Lincoln Parish,48396
22117,22,Washington Parish,45463
22087,22,St. Bernard Parish,43764
22095,22,St. John the Baptist Parish,42477
22009,22,Avoyelles Parish,39693
22069,22,Natchitoches Parish,37515
22119,22,Webster Parish,36967
22011,22,Beauregard Parish,36549
22039,22,Evangeline Parish,32350
22053,22,Jefferson Davis Parish,32250
22047,22,Iberville Parish,30241
22121,22,West Baton Rouge Parish,27199
22031,22,De Soto Parish,26812
22067,22,Morehouse Parish,25629
22075,22,Plaquemines Parish,23515
22003,22,Allen Parish,22750
22043,22,Grant Parish,22169
22085,22,Sabine Parish,22155
22111,22,Union Parish,21107
22007,22,Assumption Parish,21039
22077,22,Pointe Coupee Parish,20758
22093,22,St. James Parish,20192
22083,22,Richland Parish,20043
22041,22,Franklin Parish,19774
22037,22,East Feliciana Parish,19539
22029,22,Concordia Parish,18687
22125,22,West Feliciana Parish,15310
22049,22,Jackson Parish,15031
22059,22,LaSalle Parish,14791
22027,22,Claiborne Parish,14170
22127,22,Winn Parish,13755
22013,22,Bienville Parish,12981
22091,22,St. Helena Parish,10920
22065,22,Madison Parish,10017
22123,22,West Carroll Parish,9751
22021,22,Caldwell Parish,9645
22025,22,Catahoula Parish,8906
22081,22,Red River Parish,7620
22035,22,East Carroll Parish,7459
22023,22,Cameron Parish,5617
22107,22,Tensas Parish,4147
23005,23,Cumberland County,303069
23031,23,York County,211972
23019,23,Penobscot County,152199
23011,23,Kennebec County,123642
23001,23,Androscoggin County,111139
23003,23,Aroostook County,67105
23017,23,Oxford County,57777
23009,23,Hancock County,55478
23025,23,Somerset County,50477
23013,23,Knox County,40607
23027,23,Waldo County,39607
23023,23,Sagadahoc County,36699
23015,23,Lincoln County,35237
23029,23,Washington County,31095
23007,23,Franklin County,29456
23021,23,Piscataquis County,16800
24031,24,Montgomery County,1062061
24033,24,Prince George's County,967201
24005,24,Baltimore County,854535
24003,24,Anne Arundel County,588261
24510,24,Baltimore city,585708
24027,24,Howard County,332317
24021,24,Frederick County,271717
24025,24,Harford County,260924
24013,24,Carroll County,172891
24017,24,Charles County,166617
24043,24,Washington County,154705
24037,24,St. Mary's County,113777
24015,24,Cecil County,103725
24045,24,Wicomico County,103588
24009,24,Calvert County,92783
24001,24,Allegany County,68106
24047,24,Worcester County,52460
24035,24,Queen Anne's County,49874
24041,24,Talbot County,37526
24011,24,Caroline County,33293
24019,24,Dorchester County,32531
24023,24,Garrett County,28806
24039,24,Somerset County,24620
24029,24,Kent County,19198
25017,25,Middlesex County,1632002
25027,25,Worcester County,862111
25009,25,Essex County,809829
25025,25,Suffolk County,797936
25021,25,Norfolk County,725981
25005,25,Bristol County,579200
25023,25,Plymouth County,530819
25013,25,Hampden County,465825
25001,25,Barnstable County,228996
25015,25,Hampshire County,162308
25003,25,Berkshire County,129026
25011,25,Franklin County,71029
25007,25,Dukes County,20600
25019,25,Nantucket County,14255
26163,26,Wayne County,1793561
26125,26,Oakland County,1274395
26099,26,Macomb County,881217
26081,26,Kent County,657974
26049,26,Genesee County,406211
26161,26,Washtenaw County,372258
26139,26,Ottawa County,296200
26065,26,Ingham County,284900
26077,26,Kalamazoo County,261670
26093,26,Livingston County,193866
26145,26,Saginaw County,190124
26121,26,Muskegon County,175824
26147,26,St. Clair County,160383
26075,26,Jackson County,160366
26115,26,Monroe County,154809
26021,26,Berrien County,154316
26025,26,Calhoun County,134310
26005,26,Allegan County,120502
26045,26,Eaton County,109175
26017,26,Bay County,103856
26091,26,Lenawee County,99423
26055,26,Grand Traverse County,95238
26087,26,Lapeer County,88619
26111,26,Midland County,83494
26037,26,Clinton County,79128
26159,26,Van Buren County,75587
26155,26,Shiawassee County,68094
26067,26,Ionia County,66804
26117,26,Montcalm County,66614
26103,26,Marquette County,66017
26073,26,Isabella County,64394
26015,26,Barry County,62423
26149,26,St. Joseph County,60939
26157,26,Tuscola County,53323
26027,26,Cass County,51589
26123,26,Newaygo County,49978
26059,26,Hillsdale County,45746
26023,26,Branch County,44862
26057,26,Gratiot County,41761
26151,26,Sanilac County,40611
26107,26,Mecosta County,39714
26061,26,Houghton County,37361
26041,26,Delta County,36903
26033,26,Chippewa County,36785
26047,26,Emmet County,34112
26165,26,Wexford County,33673
26063,26,Huron County,31407
26035,26,Clare County,30856
26105,26,Mason County,29052
26007,26,Alpena County,28907
26127,26,Oceana County,26659
26029,26,Charlevoix County,26054
26043,26,Dickinson County,25947
26031,26,Cheboygan County,25579
26051,26,Gladwin County,25386
26069,26,Iosco County,25237
26137,26,Otsego County,25091
26101,26,Manistee County,25032
26109,26,Menominee County,23502
26143,26,Roscommon County,23459
26009,26,Antrim County,23431
26133,26,Osceola County,22891
26089,26,Leelanau County,22301
26129,26,Ogemaw County,20770
26019,26,Benzie County,17970
26079,26,Kalkaska County,17939
26113,26,Missaukee County,15052
26011,26,Arenac County,15002
26053,26,Gogebic County,14380
26039,26,Crawford County,12988
26141,26,Presque Isle County,12982
26085,26,Lake County,12096
26071,26,Iron County,11631
26097,26,Mackinac County,10834
26001,26,Alcona County,10167
26119,26,Montmorency County,9153
26003,26,Alger County,8842
26135,26,Oscoda County,8219
26013,26,Baraga County,8158
26153,26,Schoolcraft County,8047
26131,26,Ontonagon County,5816
26095,26,Luce County,5339
26083,26,Keweenaw County,2046
27053,27,Hennepin County,1281565
27123,27,Ramsey County,552352
27037,27,Dakota County,439882
27003,27,Anoka County,363887
27163,27,Washington County,267568
27137,27,St. Louis County,200231
27109,27,Olmsted County,162847
27145,27,Stearns County,158292
27139,27,Scott County,150928
27171,27,Wright County,141337
27019,27,Carver County,106922
27141,27,Sherburne County,97183
27013,27,Blue Earth County,69112
27131,27,Rice County,67097
27035,27,Crow Wing County,66123
27027,27,Clay County,65318
27111,27,Otter Tail County,60081
27025,27,Chisago County,56621
27169,27,Winona County,49671
27049,27,Goodhue County,47582
27007,27,Beltrami County,46228
27061,27,Itasca County,45014
27067,27,Kandiyohi County,43732
27009,27,Benton County,41379
27059,27,Isanti County,41135
27099,27,Mower County,40029
27041,27,Douglas County,39006
27147,27,Steele County,37406
27085,27,McLeod County,36771
27017,27,Carlton County,36207
27005,27,Becker County,35183
27103,27,Nicollet County,34454
27097,27,Morrison County,34010
27119,27,Polk County,31192
27047,27,Freeborn County,30895
27021,27,Cass County,30066
27115,27,Pine County,28876
27079,27,Le Sueur County,28674
27095,27,Mille Lacs County,26459
27015,27,Brown County,25912
27083,27,Lyon County,25269
27153,27,Todd County,25262
27093,27,Meeker County,23400
27105,27,Nobles County,22290
27157,27,Wabasha County,21387
27057,27,Hubbard County,21344
27045,27,Fillmore County,21228
27039,27,Dodge County,20867
27091,27,Martin County,20025
27161,27,Waseca County,18968
27055,27,Houston County,18843
27065,27,Kanabec County,16032
27001,27,Aitkin County,15697
27127,27,Redwood County,15425
27135,27,Roseau County,15331
27143,27,Sibley County,14836
27129,27,Renville County,14723
27159,27,Wadena County,14065
27113,27,Pennington County,13992
27043,27,Faribault County,13921
27023,27,Chippewa County,12598
27071,27,Koochiching County,12062
27033,27,Cottonwood County,11517
27121,27,Pope County,11308
27165,27,Watonwan County,11253
27075,27,Lake County,10905
27063,27,Jackson County,9989
27151,27,Swift County,9838
27133,27,Rock County,9704
27149,27,Stevens County,9671
27173,27,Yellow Medicine County,9528
27117,27,Pipestone County,9424
27089,27,Marshall County,9040
27029,27,Clearwater County,8524
27101,27,Murray County,8179
27073,27,Lac qui Parle County,6719
27167,27,Wilkin County,6506
27107,27,Norman County,6441
27051,27,Grant County,6074
27081,27,Lincoln County,5640
27031,27,Cook County,5600
27087,27,Mahnomen County,5411
27011,27,Big Stone County,5166
27069,27,Kittson County,4207
27125,27,Red Lake County,3935
27077,27,Lake of the Woods County,3763
27155,27,Traverse County,3360
28049,28,Hinds County,227742
28047,28,Harrison County,208621
28033,28,DeSoto County,185314
28121,28,Rankin County,157031
28059,28,Jackson County,143252
28089,28,Madison County,109145
28081,28,Lee County,83343
28035,28,Forrest County,78158
28075,28,Lauderdale County,72984
28067,28,Jones County,67246
28073,28,Lamar County,64222
28087,28,Lowndes County,58879
28109,28,Pearl River County,56145
28071,28,Lafayette County,55813
28105,28,Oktibbeha County,51788
28045,28,Hancock County,46053
28151,28,Washington County,44922
28149,28,Warren County,44722
28113,28,Pike County,40324
28085,28,Lincoln County,34907
28003,28,Alcorn County,34740
28095,28,Monroe County,34180
28093,28,Marshall County,33752
28107,28,Panola County,33208
28115,28,Pontotoc County,31184
28011,28,Bolivar County,30985
28001,28,Adams County,29538
28099,28,Neshoba County,29087
28029,28,Copiah County,28368
28083,28,Leflore County,28339
28137,28,Tate County,28064
28123,28,Scott County,27990
28145,28,Union County,27777
28163,28,Yazoo County,26743
28133,28,Sunflower County,25971
28127,28,Simpson County,25949
28117,28,Prentiss County,25008
28091,28,Marion County,24441
28039,28,George County,24350
28057,28,Itawamba County,23863
28139,28,Tippah County,21815
28043,28,Grenada County,21629
28027,28,Coahoma County,21390
28101,28,Newton County,21291
28079,28,Leake County,21275
28153,28,Wayne County,19779
28141,28,Tishomingo County,18850
28025,28,Clay County,18636
28031,28,Covington County,18340
28131,28,Stone County,18333
28007,28,Attala County,17889
28159,28,Winston County,17714
28017,28,Chickasaw County,17106
28051,28,Holmes County,17000
28061,28,Jasper County,16367
28023,28,Clarke County,15615
28129,28,Smith County,14209
28147,28,Walthall County,13884
28041,28,Greene County,13530
28013,28,Calhoun County,13266
28005,28,Amite County,12720
28135,28,Tallahatchie County,12715
28161,28,Yalobusha County,12481
28077,28,Lawrence County,12016
28111,28,Perry County,11511
28065,28,Jefferson Davis County,11321
28103,28,Noxubee County,10285
28015,28,Carroll County,9998
28155,28,Webster County,9926
28097,28,Montgomery County,9822
28143,28,Tunica County,9782
28021,28,Claiborne County,9135
28069,28,Kemper County,8988
28157,28,Wilkinson County,8587
28019,28,Choctaw County,8246
28053,28,Humphreys County,7785
28037,28,Franklin County,7675
28009,28,Benton County,7646
28063,28,Jefferson County,7260
28119,28,Quitman County,6176
28125,28,Sharkey County,3800
28055,28,Issaquena County,1338
29189,29,St. Louis County,1004125
29095,29,Jackson County,717204
29183,29,St. Charles County,405262
29510,29,St. Louis city,301578
29077,29,Greene County,298915
29047,29,Clay County,253335
29099,29,Jefferson County,226739
29019,29,Boone County,183610
29097,29,Jasper County,122761
29037,29,Cass County,107824
29165,29,Platte County,106718
29071,29,Franklin County,104682
29043,29,Christian County,88842
29021,29,Buchanan County,84793
29031,29,Cape Girardeau County,81710
29051,29,Cole County,77279
29187,29,St. Francois County,66922
29113,29,Lincoln County,59574
29145,29,Newton County,58648
29213,29,Taney County,56066
29101,29,Johnson County,54013
29169,29,Pulaski County,53955
29161,29,Phelps County,44638
29027,29,Callaway County,44283
29159,29,Pettis County,42980
29029,29,Camden County,42745
29023,29,Butler County,42130
29091,29,Howell County,39750
29225,29,Webster County,39085
29201,29,Scott County,38059
29109,29,Lawrence County,38001
29105,29,Laclede County,36039
29219,29,Warren County,35532
29009,29,Barry County,34534
29107,29,Lafayette County,32984
29167,29,Polk County,31519
29209,29,Stone County,31076
29207,29,Stoddard County,28672
29127,29,Marion County,28525
29069,29,Dunklin County,28283
29001,29,Adair County,25314
29007,29,Audrain County,24962
29131,29,Miller County,24722
29175,29,Randolph County,24716
29215,29,Texas County,24487
29221,29,Washington County,23514
29195,29,Saline County,23333
29119,29,McDonald County,23303
29177,29,Ray County,23158
29055,29,Crawford County,23056
29083,29,Henry County,21946
29147,29,Nodaway County,21241
29049,29,Clinton County,21184
29141,29,Morgan County,21006
29217,29,Vernon County,19707
29015,29,Benton County,19394
29157,29,Perry County,18956
29186,29,Ste. Genevieve County,18479
29229,29,Wright County,18188
29003,29,Andrew County,18135
29163,29,Pike County,17587
29053,29,Cooper County,17103
29059,29,Dallas County,17071
29143,29,New Madrid County,16434
29013,29,Bates County,16042
29155,29,Pemiscot County,15661
29135,29,Moniteau County,15473
29121,29,Macon County,15209
29073,29,Gasconade County,14794
29117,29,Livingston County,14557
29065,29,Dent County,14421
29039,29,Cedar County,14188
29151,29,Osage County,13274
29123,29,Madison County,12626
29133,29,Mississippi County,12577
29115,29,Linn County,11874
29011,29,Barton County,11637
29067,29,Douglas County,11578
29139,29,Montgomery County,11322
29063,29,DeKalb County,11029
29223,29,Wayne County,10974
29181,29,Ripley County,10679
29017,29,Bollinger County,10567
29173,29,Ralls County,10355
29089,29,Howard County,10151
29111,29,Lewis County,10032
29079,29,Grundy County,9808
29093,29,Iron County,9537
29185,29,St. Clair County,9284
29025,29,Caldwell County,8815
29137,29,Monroe County,8666
29149,29,Oregon County,8635
29153,29,Ozark County,8553
29033,29,Carroll County,8495
29125,29,Maries County,8432
29061,29,Daviess County,8430
29085,29,Hickory County,8279
29081,29,Harrison County,8157
29057,29,Dade County,7569
29041,29,Chariton County,7408
29203,29,Shannon County,7031
29045,29,Clark County,6634
29075,29,Gentry County,6162
29205,29,Shelby County,6103
29179,29,Reynolds County,6096
29211,29,Sullivan County,5999
29005,29,Atchison County,5305
29035,29,Carter County,5202
29199,29,Scotland County,4716
29171,29,Putnam County,4681
29087,29,Holt County,4223
29197,29,Schuyler County,4032
29103,29,Knox County,3744
29129,29,Mercer County,3538
29227,29,Worth County,1973
30111,30,Yellowstone County,164731
30031,30,Gallatin County,118960
30063,30,Missoula County,117922
30029,30,Flathead County,104357
30013,30,Cascade County,84414
30049,30,Lewis and Clark County,70973
30081,30,Ravalli County,44174
30093,30,Silver Bow County,35133
30047,30,Lake County,31134
30053,30,Lincoln County,19677
30067,30,Park County,17191
30041,30,Hill County,16309
30035,30,Glacier County,13778
30003,30,Big Horn County,13124
30089,30,Sanders County,12400
30043,30,Jefferson County,12085
30017,30,Custer County,11867
30083,30,Richland County,11491
30027,30,Fergus County,11446
30085,30,Roosevelt County,10794
30009,30,Carbon County,10473
30023,30,Deer Lodge County,9421
30001,30,Beaverhead County,9371
30095,30,Stillwater County,8963
30021,30,Dawson County,8940
30057,30,Madison County,8623
30087,30,Rosebud County,8329
30105,30,Valley County,7578
30005,30,Blaine County,7044
30077,30,Powell County,6946
30007,30,Broadwater County,6774
30099,30,Teton County,6226
30073,30,Pondera County,5898
30015,30,Chouteau County,5895
30101,30,Toole County,4971
30065,30,Musselshell County,4730
30061,30,Mineral County,4535
30071,30,Phillips County,4217
30097,30,Sweet Grass County,3678
30091,30,Sheridan County,3539
30039,30,Granite County,3309
30025,30,Fallon County,3049
30107,30,Wheatland County,2069
30045,30,Judith Basin County,2023
30051,30,Liberty County,1959
30059,30,Meagher County,1927
30055,30,McCone County,1729
30075,30,Powder River County,1694
30019,30,Daniels County,1661
30011,30,Carter County,1415
30033,30,Garfield County,1173
30079,30,Prairie County,1088
30109,30,Wibaux County,937
30037,30,Golden Valley County,823
30103,30,Treasure County,762
30069,30,Petroleum County,496
31055,31,Douglas County,584526
31109,31,Lancaster County,322608
31153,31,Sarpy County,190604
31079,31,Hall County,62895
31019,31,Buffalo County,50084
31053,31,Dodge County,37167
31157,31,Scotts Bluff County,36084
31119,31,Madison County,35585
31111,31,Lincoln County,34676
31141,31,Platte County,34296
31001,31,Adams County,31205
31025,31,Cass County,26598
31047,31,Dawson County,24111
31155,31,Saunders County,22278
31067,31,Gage County,21704
31043,31,Dakota County,21582
31177,31,Washington County,20865
31159,31,Seward County,17609
31131,31,Otoe County,15912
31151,31,Saline County,14292
31185,31,York County,14125
31013,31,Box Butte County,10842
31145,31,Red Willow County,10702
31037,31,Colfax County,10582
31041,31,Custer County,10545
31089,31,Holt County,10127
31179,31,Wayne County,9697
31033,31,Cheyenne County,9468
31081,31,Hamilton County,9429
31039,31,Cuming County,9013
31137,31,Phelps County,8968
31107,31,Knox County,8391
31027,31,Cedar County,8380
31023,31,Butler County,8369
31101,31,Keith County,8335
31045,31,Dawes County,8199
31147,31,Richardson County,7871
31121,31,Merrick County,7668
31139,31,Pierce County,7317
31095,31,Jefferson County,7240
31127,31,Nemaha County,7074
31173,31,Thurston County,6773
31021,31,Burt County,6722
31099,31,Kearney County,6688
31093,31,Howard County,6475
31003,31,Antelope County,6295
31035,31,Clay County,6104
31167,31,Stanton County,5842
31051,31,Dixon County,5606
31059,31,Fillmore County,5551
31031,31,Cherry County,5455
31011,31,Boone County,5379
31097,31,Johnson County,5290
31143,31,Polk County,5214
31161,31,Sheridan County,5127
31169,31,Thayer County,5034
31065,31,Furnas County,4636
31123,31,Morrill County,4555
31129,31,Nuckolls County,4095
31175,31,Valley County,4059
31029,31,Chase County,3893
31105,31,Kimball County,3434
31181,31,Webster County,3395
31125,31,Nance County,3380
31083,31,Harlan County,3073
31163,31,Sherman County,2959
31017,31,Brown County,2903
31061,31,Franklin County,2889
31135,31,Perkins County,2858
31087,31,Hitchcock County,2616
31133,31,Pawnee County,2544
31063,31,Frontier County,2519
31077,31,Greeley County,2188
31073,31,Gosper County,1893
31069,31,Garden County,1874
31049,31,Deuel County,1838
31071,31,Garfield County,1813
31015,31,Boyd County,1810
31057,31,Dundy County,1654
31149,31,Rock County,1262
31165,31,Sioux County,1135
31085,31,Hayes County,856
31183,31,Wheeler County,774
31103,31,Keya Paha County,769
31113,31,Logan County,716
31091,31,Hooker County,711
31007,31,Banner County,674
31171,31,Thomas County,669
31075,31,Grant County,611
31115,31,Loup County,607
31005,31,Arthur County,434
31009,31,Blaine County,431
31117,31,McPherson County,399
32003,32,Clark County,2265461
32031,32,Washoe County,486492
32019,32,Lyon County,59235
32510,32,Carson City,58639
32007,32,Elko County,53702
32023,32,Nye County,51591
32005,32,Douglas County,49488
32001,32,Churchill County,25516
32013,32,Humboldt County,17285
32033,32,White Pine County,9080
32027,32,Pershing County,6650
32015,32,Lander County,5734
32021,32,Mineral County,4554
32017,32,Lincoln County,4499
32029,32,Storey County,4104
32011,32,Eureka County,1855
32009,32,Esmeralda County,729
33000,33,New Hampshire,1377529
33011,33,Hillsborough County,422937
33015,33,Rockingham County,314176
33013,33,Merrimack County,153808
33017,33,Strafford County,130889
33009,33,Grafton County,91118
33005,33,Cheshire County,76458
33001,33,Belknap County,63705
33003,33,Carroll County,50107
33019,33,Sullivan County,43063
33007,33,Coos County,31268
34003,34,Bergen County,955732
34013,34,Essex County,863728
34023,34,Middlesex County,863162
34017,34,Hudson County,724854
34025,34,Monmouth County,643615
34029,34,Ocean County,637229
34039,34,Union County,575345
34031,34,Passaic County,524118
34007,34,Camden County,523485
34027,34,Morris County,509285
34005,34,Burlington County,461860
34021,34,Mercer County,387340
34035,34,Somerset County,345361
34015,34,Gloucester County,302294
34001,34,Atlantic County,274534
34011,34,Cumberland County,154152
34037,34,Sussex County,144221
34019,34,Hunterdon County,128947
34041,34,Warren County,109632
34009,34,Cape May County,95263
34033,34,Salem County,64837
35001,35,Bernalillo County,676444
35013,35,Doa Ana County,219561
35049,35,Santa Fe County,154823
35043,35,Sandoval County,148834
35045,35,San Juan County,121661
35061,35,Valencia County,76205
35025,35,Lea County,74455
35031,35,McKinley County,72902
35035,35,Otero County,67839
35005,35,Chaves County,65157
35015,35,Eddy County,62314
35009,35,Curry County,48430
35039,35,Rio Arriba County,40363
35055,35,Taos County,34489
35017,35,Grant County,28185
35047,35,San Miguel County,27201
35006,35,Cibola County,27172
35029,35,Luna County,25427
35027,35,Lincoln County,20269
35028,35,Los Alamos County,19419
35041,35,Roosevelt County,19191
35053,35,Socorro County,16595
35057,35,Torrance County,15045
35007,35,Colfax County,12387
35051,35,Sierra County,11576
35037,35,Quay County,8746
35019,35,Guadalupe County,4452
35033,35,Mora County,4189
35023,35,Hidalgo County,4178
35059,35,Union County,4079
35003,35,Catron County,3579
35011,35,De Baca County,1698
35021,35,Harding County,657
36047,36,Kings County,2736074
36081,36,Queens County,2405464
36061,36,New York County,1694251
36103,36,Suffolk County,1525920
36005,36,Bronx County,1472654
36059,36,Nassau County,1395774
36119,36,Westchester County,1004457
36029,36,Erie County,954236
36055,36,Monroe County,759443
36085,36,Richmond County,495747
36067,36,Onondaga County,476516
36071,36,Orange County,401310
36087,36,Rockland County,338329
36001,36,Albany County,314848
36027,36,Dutchess County,295911
36091,36,Saratoga County,235509
36065,36,Oneida County,232125
36063,36,Niagara County,212666
36007,36,Broome County,198683
36111,36,Ulster County,181851
36083,36,Rensselaer County,161130
36093,36,Schenectady County,158061
36013,36,Chautauqua County,127657
36075,36,Oswego County,117525
36045,36,Jefferson County,116721
36069,36,Ontario County,112458
36089,36,St. Lawrence County,108505
36109,36,Tompkins County,105740
36079,36,Putnam County,97668
36101,36,Steuben County,93584
36117,36,Wayne County,91283
36015,36,Chemung County,84148
36019,36,Clinton County,79843
36105,36,Sullivan County,78624
36009,36,Cattaraugus County,77042
36011,36,Cayuga County,76248
36053,36,Madison County,68016
36113,36,Warren County,65737
36051,36,Livingston County,61834
36021,36,Columbia County,61570
36115,36,Washington County,61302
36043,36,Herkimer County,60139
36077,36,Otsego County,58524
36037,36,Genesee County,58388
36035,36,Fulton County,53324
36057,36,Montgomery County,49532
36107,36,Tioga County,48455
36039,36,Greene County,47931
36033,36,Franklin County,47555
36017,36,Chenango County,47220
36023,36,Cortland County,46809
36003,36,Allegany County,46456
36025,36,Delaware County,44308
36121,36,Wyoming County,40531
36073,36,Orleans County,40343
36031,36,Essex County,37381
36099,36,Seneca County,33814
36095,36,Schoharie County,29714
36049,36,Lewis County,26582
36123,36,Yates County,24774
36097,36,Schuyler County,17898
36041,36,Hamilton County,5107
37183,37,Wake County,1129410
37119,37,Mecklenburg County,1115482
37081,37,Guilford County,541299
37067,37,Forsyth County,382590
37051,37,Cumberland County,334728
37063,37,Durham County,324833
37021,37,Buncombe County,269452
37179,37,Union County,238267
37071,37,Gaston County,227943
37025,37,Cabarrus County,225804
37129,37,New Hanover County,225702
37101,37,Johnston County,215999
37133,37,Onslow County,204576
37097,37,Iredell County,186693
37001,37,Alamance County,171415
37147,37,Pitt County,170243
37057,37,Davidson County,168930
37035,37,Catawba County,160610
37135,37,Orange County,148696
37159,37,Rowan County,146875
37151,37,Randolph County,144171
37019,37,Brunswick County,136693
37085,37,Harnett County,133568
37191,37,Wayne County,117333
37155,37,Robeson County,116530
37089,37,Henderson County,116281
37049,37,Craven County,100720
37125,37,Moore County,99727
37045,37,Cleveland County,99519
37127,37,Nash County,94970
37157,37,Rockingham County,91096
37023,37,Burke County,87570
37109,37,Lincoln County,86810
37027,37,Caldwell County,80652
37195,37,Wilson County,78784
37037,37,Chatham County,76285
37171,37,Surry County,71359
37069,37,Franklin County,68573
37031,37,Carteret County,67686
37193,37,Wilkes County,65969
37161,37,Rutherford County,64444
37105,37,Lee County,63285
37167,37,Stanly County,62504
37087,37,Haywood County,62089
37077,37,Granville County,60992
37141,37,Pender County,60203
37163,37,Sampson County,59036
37107,37,Lenoir County,55122
37189,37,Watauga County,54086
37093,37,Hoke County,52082
37047,37,Columbus County,50623
37065,37,Edgecombe County,48900
37061,37,Duplin County,48715
37083,37,Halifax County,48622
37013,37,Beaufort County,44652
37111,37,McDowell County,44578
37169,37,Stokes County,44520
37099,37,Jackson County,43109
37153,37,Richmond County,42946
37059,37,Davie County,42712
37181,37,Vance County,42578
37139,37,Pasquotank County,40568
37145,37,Person County,39097
37197,37,Yadkin County,37214
37113,37,Macon County,37014
37055,37,Dare County,36915
37003,37,Alexander County,36444
37165,37,Scotland County,34174
37175,37,Transylvania County,32986
37017,37,Bladen County,29606
37039,37,Cherokee County,28774
37053,37,Currituck County,28100
37009,37,Ashe County,26577
37123,37,Montgomery County,25751
37033,37,Caswell County,22736
37007,37,Anson County,22055
37117,37,Martin County,22031
37091,37,Hertford County,21552
37115,37,Madison County,21193
37079,37,Greene County,20451
37149,37,Polk County,19328
37185,37,Warren County,18642
37199,37,Yancey County,18470
37015,37,Bertie County,17934
37011,37,Avery County,17806
37131,37,Northampton County,17471
37121,37,Mitchell County,14903
37173,37,Swain County,14117
37041,37,Chowan County,13708
37143,37,Perquimans County,13005
37137,37,Pamlico County,12276
37043,37,Clay County,11089
37187,37,Washington County,11003
37005,37,Alleghany County,10888
37073,37,Gates County,10478
37029,37,Camden County,10355
37103,37,Jones County,9172
37075,37,Graham County,8030
37095,37,Hyde County,4589
37177,37,Tyrrell County,3245
38017,38,Cass County,184525
38015,38,Burleigh County,98458
38035,38,Grand Forks County,73170
38101,38,Ward County,69919
38105,38,Williams County,40950
38089,38,Stark County,33646
38059,38,Morton County,33291
38093,38,Stutsman County,21593
38077,38,Richland County,16529
38053,38,McKenzie County,14704
38079,38,Rolette County,12187
38071,38,Ramsey County,11605
38003,38,Barnes County,10853
38099,38,Walsh County,10563
38061,38,Mountrail County,9809
38055,38,McLean County,9771
38057,38,Mercer County,8350
38097,38,Traill County,7997
38067,38,Pembina County,6844
38009,38,Bottineau County,6379
38005,38,Benson County,5964
38073,38,Ransom County,5703
38049,38,McHenry County,5345
38021,38,Dickey County,4999
38025,38,Dunn County,4095
38045,38,LaMoure County,4093
38069,38,Pierce County,3990
38103,38,Wells County,3982
38085,38,Sioux County,3898
38081,38,Sargent County,3862
38019,38,Cavalier County,3704
38031,38,Foster County,3397
38029,38,Emmons County,3301
38063,38,Nelson County,3015
38011,38,Bowman County,2993
38051,38,McIntosh County,2530
38041,38,Hettinger County,2489
38043,38,Kidder County,2394
38027,38,Eddy County,2347
38039,38,Griggs County,2306
38037,38,Grant County,2301
38075,38,Renville County,2282
38013,38,Burke County,2201
38001,38,Adams County,2200
38023,38,Divide County,2195
38095,38,Towner County,2162
38065,38,Oliver County,1877
38047,38,Logan County,1876
38091,38,Steele County,1798
38033,38,Golden Valley County,1736
38083,38,Sheridan County,1265
38007,38,Billings County,945
38087,38,Slope County,706
39049,39,Franklin County,1323807
39035,39,Cuyahoga County,1264817
39061,39,Hamilton County,830639
39153,39,Summit County,540428
39113,39,Montgomery County,537309
39095,39,Lucas County,431279
39017,39,Butler County,390357
39151,39,Stark County,374853
39093,39,Lorain County,312964
39165,39,Warren County,242337
39085,39,Lake County,232603
39099,39,Mahoning County,228614
39041,39,Delaware County,214124
39025,39,Clermont County,208601
39155,39,Trumbull County,201977
39103,39,Medina County,182470
39089,39,Licking County,178519
39057,39,Greene County,167966
39133,39,Portage County,161791
39045,39,Fairfield County,158921
39023,39,Clark County,136001
39173,39,Wood County,132248
39139,39,Richland County,124936
39169,39,Wayne County,116894
39109,39,Miami County,108774
39003,39,Allen County,102206
39029,39,Columbiana County,101877
39007,39,Ashtabula County,97574
39055,39,Geauga County,95397
39157,39,Tuscarawas County,93263
39119,39,Muskingum County,86410
39141,39,Ross County,77093
39043,39,Erie County,75622
39063,39,Hancock County,74920
39145,39,Scioto County,74008
39013,39,Belmont County,66497
39101,39,Marion County,65359
39081,39,Jefferson County,65249
39159,39,Union County,62784
39083,39,Knox County,62721
39009,39,Athens County,62431
39167,39,Washington County,59771
39143,39,Sandusky County,58896
39077,39,Huron County,58565
39129,39,Pickaway County,58539
39087,39,Lawrence County,58240
39147,39,Seneca County,55069
39005,39,Ashland County,52447
39037,39,Darke County,51881
39149,39,Shelby County,48230
39011,39,Auglaize County,46422
39091,39,Logan County,46150
39075,39,Holmes County,44223
39097,39,Madison County,43824
39015,39,Brown County,43676
39071,39,Highland County,43317
39051,39,Fulton County,42713
39107,39,Mercer County,42528
39033,39,Crawford County,42025
39027,39,Clinton County,42018
39135,39,Preble County,40999
39123,39,Ottawa County,40364
39021,39,Champaign County,38714
39059,39,Guernsey County,38438
39039,39,Defiance County,38286
39171,39,Williams County,37102
39031,39,Coshocton County,36612
39127,39,Perry County,35408
39117,39,Morrow County,34950
39137,39,Putnam County,34451
39079,39,Jackson County,32653
39065,39,Hardin County,30696
39053,39,Gallia County,29220
39047,39,Fayette County,28951
39161,39,Van Wert County,28931
39073,39,Hocking County,28050
39069,39,Henry County,27662
39001,39,Adams County,27477
39131,39,Pike County,27088
39019,39,Carroll County,26721
39105,39,Meigs County,22210
39175,39,Wyandot County,21900
39125,39,Paulding County,18806
39067,39,Harrison County,14483
39121,39,Noble County,14115
39115,39,Morgan County,13802
39111,39,Monroe County,13385
39163,39,Vinton County,12800
40109,40,Oklahoma County,796292
40143,40,Tulsa County,669279
40027,40,Cleveland County,295528
40017,40,Canadian County,154405
40031,40,Comanche County,121125
40131,40,Rogers County,95240
40119,40,Payne County,81646
40145,40,Wagoner County,80981
40125,40,Pottawatomie County,72454
40037,40,Creek County,71754
40101,40,Muskogee County,66339
40047,40,Garfield County,62846
40051,40,Grady County,54795
40147,40,Washington County,52455
40083,40,Logan County,49555
40079,40,Le Flore County,48129
40019,40,Carter County,48003
40021,40,Cherokee County,47078
40013,40,Bryan County,46067
40113,40,Osage County,45818
40121,40,Pittsburg County,43773
40071,40,Kay County,43700
40137,40,Stephens County,42848
40087,40,McClain County,41662
40041,40,Delaware County,40397
40135,40,Sequoyah County,39281
40097,40,Mayes County,39046
40123,40,Pontotoc County,38065
40111,40,Okmulgee County,36706
40081,40,Lincoln County,33458
40089,40,McCurtain County,30814
40115,40,Ottawa County,30285
40039,40,Custer County,28513
40015,40,Caddo County,26945
40049,40,Garvin County,25656
40065,40,Jackson County,24785
40133,40,Seminole County,23556
40009,40,Beckham County,22410
40139,40,Texas County,21384
40153,40,Woodward County,20470
40001,40,Adair County,19495
40091,40,McIntosh County,18941
40117,40,Pawnee County,15553
40095,40,Marshall County,15312
40073,40,Kingfisher County,15184
40023,40,Choctaw County,14204
40005,40,Atoka County,14143
40035,40,Craig County,14107
40099,40,Murray County,13904
40063,40,Hughes County,13367
40061,40,Haskell County,11561
40107,40,Okfuskee County,11310
40103,40,Noble County,10924
40149,40,Washita County,10924
40127,40,Pushmataha County,10812
40069,40,Johnston County,10272
40085,40,Love County,10146
40077,40,Latimer County,9444
40105,40,Nowata County,9320
40011,40,Blaine County,8735
40151,40,Woods County,8624
40075,40,Kiowa County,8509
40093,40,Major County,7782
40141,40,Tillman County,6968
40003,40,Alfalfa County,5699
40033,40,Cotton County,5527
40055,40,Greer County,5491
40067,40,Jefferson County,5337
40029,40,Coal County,5266
40007,40,Beaver County,5049
40043,40,Dewey County,4484
40053,40,Grant County,4169
40045,40,Ellis County,3749
40129,40,Roger Mills County,3442
40059,40,Harper County,3272
40057,40,Harmon County,2488
40025,40,Cimarron County,2296
41051,41,Multnomah County,815428
41067,41,Washington County,600372
41005,41,Clackamas County,421401
41039,41,Lane County,382971
41047,41,Marion County,345920
41029,41,Jackson County,223259
41017,41,Deschutes County,198253
41043,41,Linn County,128610
41019,41,Douglas County,111201
41071,41,Yamhill County,107722
41003,41,Benton County,95184
41033,41,Josephine County,88090
41053,41,Polk County,87433
41059,41,Umatilla County,80075
41035,41,Klamath County,69413
41011,41,Coos County,64929
41009,41,Columbia County,52589
41041,41,Lincoln County,50395
41007,41,Clatsop County,41072
41045,41,Malheur County,31571
41057,41,Tillamook County,27390
41065,41,Wasco County,26670
41061,41,Union County,26196
41013,41,Crook County,24738
41031,41,Jefferson County,24502
41027,41,Hood River County,23977
41015,41,Curry County,23446
41001,41,Baker County,16668
41049,41,Morrow County,12186
41037,41,Lake County,8160
41025,41,Harney County,7495
41063,41,Wallowa County,7391
41023,41,Grant County,7233
41021,41,Gilliam County,1995
41055,41,Sherman County,1870
41069,41,Wheeler County,1451
42101,42,Philadelphia County,1603797
42003,42,Allegheny County,1250578
42091,42,Montgomery County,856553
42017,42,Bucks County,646538
42045,42,Delaware County,576830
42071,42,Lancaster County,552984
42029,42,Chester County,534413
42133,42,York County,456438
42011,42,Berks County,428849
42077,42,Lehigh County,374557
42129,42,Westmoreland County,354663
42079,42,Luzerne County,325594
42095,42,Northampton County,312951
42043,42,Dauphin County,286401
42049,42,Erie County,270876
42041,42,Cumberland County,259469
42069,42,Lackawanna County,215896
42125,42,Washington County,209349
42019,42,Butler County,193763
42089,42,Monroe County,168327
42007,42,Beaver County,168215
42027,42,Centre County,158172
42055,42,Franklin County,155932
42075,42,Lebanon County,143257
42107,42,Schuylkill County,143049
42021,42,Cambria County,133472
42051,42,Fayette County,128804
42013,42,Blair County,122822
42081,42,Lycoming County,114188
42085,42,Mercer County,110652
42001,42,Adams County,103852
42097,42,Northumberland County,91647
42073,42,Lawrence County,86070
42039,42,Crawford County,83938
42063,42,Indiana County,83246
42033,42,Clearfield County,80562
42111,42,Somerset County,74129
42005,42,Armstrong County,65558
42025,42,Carbon County,64749
42037,42,Columbia County,64727
42015,42,Bradford County,59967
42103,42,Pike County,58535
42127,42,Wayne County,51155
42121,42,Venango County,50454
42009,42,Bedford County,47577
42087,42,Mifflin County,46143
42099,42,Perry County,45842
42065,42,Jefferson County,44492
42061,42,Huntingdon County,44092
42119,42,Union County,42681
42117,42,Tioga County,41045
42083,42,McKean County,40432
42109,42,Snyder County,39736
42123,42,Warren County,38587
42115,42,Susquehanna County,38434
42035,42,Clinton County,37450
42031,42,Clarion County,37241
42059,42,Greene County,35954
42047,42,Elk County,30990
42131,42,Wyoming County,26069
42067,42,Juniata County,23509
42093,42,Montour County,18136
42105,42,Potter County,16396
42057,42,Fulton County,14556
42053,42,Forest County,6973
42113,42,Sullivan County,5840
42023,42,Cameron County,4547
44007,44,Providence County,660741
44003,44,Kent County,170363
44009,44,Washington County,129839
44005,44,Newport County,85643
44001,44,Bristol County,50793
45045,45,Greenville County,525534
45079,45,Richland County,416147
45019,45,Charleston County,408235
45051,45,Horry County,351029
45083,45,Spartanburg County,327997
45063,45,Lexington County,293991
45091,45,York County,282090
45015,45,Berkeley County,229861
45007,45,Anderson County,203718
45013,45,Beaufort County,187117
45003,45,Aiken County,168808
45035,45,Dorchester County,161540
45041,45,Florence County,137059
45077,45,Pickens County,131404
45085,45,Sumter County,105556
45057,45,Lancaster County,96016
45075,45,Orangeburg County,84223
45073,45,Oconee County,78607
45047,45,Greenwood County,69351
45059,45,Laurens County,67539
45055,45,Kershaw County,65403
45043,45,Georgetown County,63404
45031,45,Darlington County,62905
45021,45,Cherokee County,56216
45025,45,Chesterfield County,43273
45029,45,Colleton County,38604
45071,45,Newberry County,37719
45023,45,Chester County,32294
45027,45,Clarendon County,31144
45089,45,Williamsburg County,31026
45067,45,Marion County,29183
45053,45,Jasper County,28791
45033,45,Dillon County,28292
45087,45,Union County,27244
45069,45,Marlboro County,26667
45037,45,Edgefield County,25657
45001,45,Abbeville County,24295
45039,45,Fairfield County,20948
45011,45,Barnwell County,20589
45081,45,Saluda County,18862
45049,45,Hampton County,18561
45061,45,Lee County,16531
45017,45,Calhoun County,14119
45009,45,Bamberg County,13311
45065,45,McCormick County,9526
45005,45,Allendale County,8039
46099,46,Minnehaha County,197214
46103,46,Pennington County,109222
46083,46,Lincoln County,65161
46013,46,Brown County,38301
46011,46,Brookings County,34375
46093,46,Meade County,29852
46029,46,Codington County,28325
46081,46,Lawrence County,25768
46135,46,Yankton County,23310
46035,46,Davison County,19956
46005,46,Beadle County,19149
46065,46,Hughes County,17765
46127,46,Union County,16811
46027,46,Clay County,14967
46102,46,Oglala Lakota County,13672
46079,46,Lake County,11059
46109,46,Roberts County,10280
46019,46,Butte County,10243
46023,46,Charles Mix County,9373
46121,46,Todd County,9319
46125,46,Turner County,8673
46033,46,Custer County,8318
46051,46,Grant County,7556
46067,46,Hutchinson County,7427
46009,46,Bon Homme County,7003
46047,46,Fall River County,6973
46115,46,Spink County,6361
46101,46,Moody County,6336
46057,46,Hamlin County,6164
46087,46,McCook County,5682
46123,46,Tripp County,5624
46037,46,Day County,5449
46129,46,Walworth County,5315
46015,46,Brule County,5247
46041,46,Dewey County,5239
46077,46,Kingsbury County,5187
46091,46,Marshall County,4306
46039,46,Deuel County,4295
46053,46,Gregory County,3994
46045,46,Edmunds County,3986
46031,46,Corson County,3902
46025,46,Clark County,3837
46085,46,Lyman County,3718
46061,46,Hanson County,3461
46007,46,Bennett County,3381
46059,46,Hand County,3145
46117,46,Stanley County,2980
46043,46,Douglas County,2835
46105,46,Perkins County,2835
46071,46,Jackson County,2806
46003,46,Aurora County,2747
46107,46,Potter County,2472
46137,46,Ziebach County,2413
46089,46,McPherson County,2411
46111,46,Sanborn County,2330
46097,46,Miner County,2298
46049,46,Faulk County,2125
46017,46,Buffalo County,1948
46095,46,Mellette County,1918
46055,46,Haakon County,1872
46073,46,Jerauld County,1663
46119,46,Sully County,1446
46021,46,Campbell County,1377
46063,46,Harding County,1311
46069,46,Hyde County,1262
46075,46,Jones County,917
47157,47,Shelby County,929744
47037,47,Davidson County,715884
47093,47,Knox County,478971
47065,47,Hamilton County,366207
47149,47,Rutherford County,341486
47187,47,Williamson County,247726
47125,47,Montgomery County,220069
47165,47,Sumner County,196281
47163,47,Sullivan County,158163
47189,47,Wilson County,147737
47009,47,Blount County,135280
47179,47,Washington County,133001
47011,47,Bradley County,108620
47119,47,Maury County,100974
47113,47,Madison County,98823
47155,47,Sevier County,98380
47141,47,Putnam County,79854
47001,47,Anderson County,77123
47147,47,Robertson County,72803
47059,47,Greene County,70152
47063,47,Hamblen County,64499
47035,47,Cumberland County,61145
47167,47,Tipton County,60970
47031,47,Coffee County,57889
47073,47,Hawkins County,56721
47019,47,Carter County,56356
47105,47,Loudon County,54886
47089,47,Jefferson County,54683
47043,47,Dickson County,54315
47145,47,Roane County,53404
47107,47,McMinn County,53276
47053,47,Gibson County,50429
47003,47,Bedford County,50237
47123,47,Monroe County,46250
47099,47,Lawrence County,44159
47051,47,Franklin County,42774
47047,47,Fayette County,41990
47021,47,Cheatham County,41072
47177,47,Warren County,40953
47013,47,Campbell County,39272
47045,47,Dyer County,36801
47029,47,Cocke County,35999
47103,47,Lincoln County,35319
47117,47,Marshall County,34318
47183,47,Weakley County,32902
47143,47,Rhea County,32870
47079,47,Henry County,32199
47025,47,Claiborne County,32043
47131,47,Obion County,30787
47055,47,Giles County,30346
47115,47,Marion County,28837
47017,47,Carroll County,28440
47077,47,Henderson County,27842
47185,47,White County,27351
47071,47,Hardin County,26831
47109,47,McNairy County,25866
47069,47,Hardeman County,25462
47111,47,Macon County,25216
47097,47,Lauderdale County,25143
47081,47,Hickman County,24925
47057,47,Grainger County,23527
47133,47,Overton County,22511
47151,47,Scott County,21850
47129,47,Morgan County,21035
47041,47,DeKalb County,20080
47159,47,Smith County,19904
47173,47,Union County,19802
47085,47,Humphreys County,18990
47049,47,Fentress County,18489
47091,47,Johnson County,17948
47171,47,Unicoi County,17928
47075,47,Haywood County,17864
47139,47,Polk County,17544
47023,47,Chester County,17341
47181,47,Wayne County,16232
47005,47,Benton County,15864
47153,47,Sequatchie County,15826
47007,47,Bledsoe County,14913
47015,47,Cannon County,14506
47033,47,Crockett County,13911
47161,47,Stewart County,13657
47061,47,Grundy County,13529
47121,47,Meigs County,12758
47101,47,Lewis County,12582
47087,47,Jackson County,11617
47169,47,Trousdale County,11615
47039,47,Decatur County,11435
47135,47,Perry County,8366
47083,47,Houston County,8283
47027,47,Clay County,7581
47095,47,Lake County,7005
47067,47,Hancock County,6662
47127,47,Moore County,6461
47175,47,Van Buren County,6168
47137,47,Pickett County,5001
48201,48,Harris County,4731145
48113,48,Dallas County,2613539
48439,48,Tarrant County,2110640
48029,48,Bexar County,2009324
48453,48,Travis County,1290188
48085,48,Collin County,1064465
48121,48,Denton County,906422
48215,48,Hidalgo County,870781
48141,48,El Paso County,865657
48157,48,Fort Bend County,822779
48339,48,Montgomery County,620443
48491,48,Williamson County,609017
48061,48,Cameron County,421017
48039,48,Brazoria County,372031
48027,48,Bell County,370647
48355,48,Nueces County,353178
48167,48,Galveston County,350682
48303,48,Lubbock County,310639
48479,48,Webb County,267114
48309,48,McLennan County,260579
48245,48,Jefferson County,256526
48209,48,Hays County,241067
48041,48,Brazos County,233849
48423,48,Smith County,233479
48139,48,Ellis County,192455
48251,48,Johnson County,179927
48187,48,Guadalupe County,172706
48329,48,Midland County,169983
48135,48,Ector County,165171
48091,48,Comal County,161501
48367,48,Parker County,148222
48257,48,Kaufman County,145310
48441,48,Taylor County,143208
48381,48,Randall County,140753
48181,48,Grayson County,135543
48485,48,Wichita County,129350
48183,48,Gregg County,124239
48451,48,Tom Green County,120003
48375,48,Potter County,118525
48397,48,Rockwall County,107819
48231,48,Hunt County,99956
48021,48,Bastrop County,97216
48037,48,Bowie County,92893
48291,48,Liberty County,91628
48469,48,Victoria County,91319
48005,48,Angelina County,86395
48361,48,Orange County,84808
48099,48,Coryell County,83093
48213,48,Henderson County,82150
48471,48,Walker County,76400
48203,48,Harrison County,68839
48409,48,San Patricio County,68755
48497,48,Wise County,68632
48427,48,Starr County,65920
48347,48,Nacogdoches County,64653
48221,48,Hood County,61598
48467,48,Van Zandt County,59541
48001,48,Anderson County,57922
48323,48,Maverick County,57887
48473,48,Waller County,56794
48199,48,Hardin County,56231
48349,48,Navarro County,52624
48265,48,Kerr County,52598
48401,48,Rusk County,52214
48325,48,Medina County,50748
48073,48,Cherokee County,50412
48373,48,Polk County,50123
48277,48,Lamar County,50088
48493,48,Wilson County,49753
48053,48,Burnet County,49130
48013,48,Atascosa County,48981
48465,48,Val Verde County,47586
48071,48,Chambers County,46571
48055,48,Caldwell County,45883
48499,48,Wood County,44843
48259,48,Kendall County,44279
48143,48,Erath County,42545
48097,48,Cooke County,41668
48481,48,Wharton County,41570
48459,48,Upshur County,40892
48249,48,Jim Wells County,38891
48049,48,Brown County,38095
48223,48,Hopkins County,36787
48321,48,Matagorda County,36255
48217,48,Hill County,35874
48477,48,Washington County,35805
48147,48,Fannin County,35662
48227,48,Howard County,34860
48241,48,Jasper County,32980
48189,48,Hale County,32522
48449,48,Titus County,31247
48025,48,Bee County,31047
48273,48,Kleberg County,31040
48015,48,Austin County,30167
48185,48,Grimes County,29268
48067,48,Cass County,28454
48363,48,Palo Pinto County,28409
48407,48,San Jacinto County,27402
48171,48,Gillespie County,26725
48331,48,Milam County,24754
48463,48,Uvalde County,24564
48149,48,Fayette County,24435
48419,48,Shelby County,24022
48007,48,Aransas County,23830
48365,48,Panola County,22491
48293,48,Limestone County,22146
48225,48,Houston County,22066
48281,48,Lampasas County,21627
48165,48,Gaines County,21598
48219,48,Hockley County,21537
48341,48,Moore County,21358
48299,48,Llano County,21243
48179,48,Gray County,21227
48019,48,Bandera County,20851
48233,48,Hutchinson County,20617
48089,48,Colorado County,20557
48285,48,Lavaca County,20337
48489,48,Willacy County,20164
48057,48,Calhoun County,20106
48337,48,Montague County,19965
48123,48,DeWitt County,19824
48457,48,Tyler County,19798
48253,48,Jones County,19663
48177,48,Gonzales County,19653
48161,48,Freestone County,19435
48003,48,Andrews County,18610
48117,48,Deaf Smith County,18583
48163,48,Frio County,18385
48035,48,Bosque County,18235
48503,48,Young County,17867
48133,48,Eastland County,17725
48051,48,Burleson County,17642
48287,48,Lee County,17478
48145,48,Falls County,16968
48415,48,Scurry County,16932
48395,48,Robertson County,16757
48289,48,Leon County,15719
48371,48,Pecos County,15193
48239,48,Jackson County,14988
48389,48,Reeves County,14748
48353,48,Nolan County,14738
48255,48,Karnes County,14710
48505,48,Zapata County,13889
48059,48,Callahan County,13708
48455,48,Trinity County,13602
48093,48,Comanche County,13594
48313,48,Madison County,13455
48279,48,Lamb County,13045
48487,48,Wilbarger County,12887
48063,48,Camp County,12464
48115,48,Dawson County,12456
48351,48,Newton County,12217
48379,48,Rains County,12164
48343,48,Morris County,11973
48445,48,Terry County,11831
48475,48,Ward County,11644
48387,48,Red River County,11587
48031,48,Blanco County,11374
48297,48,Live Oak County,11335
48159,48,Franklin County,10359
48077,48,Clay County,10218
48357,48,Ochiltree County,10015
48399,48,Runnels County,9900
48403,48,Sabine County,9894
48369,48,Parmer County,9869
48131,48,Duval County,9831
48315,48,Marion County,9725
48507,48,Zavala County,9670
48043,48,Brewster County,9546
48425,48,Somervell County,9205
48429,48,Stephens County,9101
48335,48,Mitchell County,8990
48127,48,Dimmit County,8615
48009,48,Archer County,8560
48237,48,Jack County,8472
48193,48,Hamilton County,8222
48405,48,San Augustine County,7918
48495,48,Winkler County,7791
48501,48,Yoakum County,7694
48083,48,Coleman County,7684
48307,48,McCulloch County,7630
48069,48,Castro County,7371
48111,48,Dallam County,7115
48047,48,Brooks County,7076
48175,48,Goliad County,7012
48437,48,Swisher County,6971
48017,48,Bailey County,6904
48391,48,Refugio County,6741
48075,48,Childress County,6664
48283,48,La Salle County,6664
48377,48,Presidio County,6131
48169,48,Garza County,5816
48065,48,Carson County,5807
48411,48,San Saba County,5730
48305,48,Lynn County,5596
48207,48,Haskell County,5416
48153,48,Floyd County,5402
48205,48,Hartley County,5382
48195,48,Hansford County,5285
48317,48,Martin County,5237
48119,48,Delta County,5230
48107,48,Crosby County,5133
48483,48,Wheeler County,4990
48247,48,Jim Hogg County,4838
48103,48,Crane County,4675
48333,48,Mills County,4456
48267,48,Kimble County,4286
48319,48,Mason County,3953
48151,48,Fisher County,3672
48197,48,Hardeman County,3549
48023,48,Baylor County,3465
48383,48,Reagan County,3385
48211,48,Hemphill County,3382
48435,48,Sutton County,3372
48275,48,Knox County,3353
48461,48,Upton County,3308
48095,48,Concho County,3303
48081,48,Coke County,3285
48129,48,Donley County,3258
48229,48,Hudspeth County,3202
48271,48,Kinney County,3129
48417,48,Shackelford County,3105
48105,48,Crockett County,3098
48295,48,Lipscomb County,3059
48191,48,Hall County,2825
48421,48,Sherman County,2782
48385,48,Real County,2758
48087,48,Collingsworth County,2652
48079,48,Cochran County,2547
48413,48,Schleicher County,2451
48109,48,Culberson County,2188
48243,48,Jeff Davis County,1996
48327,48,Menard County,1962
48011,48,Armstrong County,1848
48125,48,Dickens County,1770
48359,48,Oldham County,1758
48235,48,Irion County,1513
48447,48,Throckmorton County,1440
48045,48,Briscoe County,1435
48137,48,Edwards County,1422
48101,48,Cottle County,1380
48431,48,Sterling County,1372
48433,48,Stonewall County,1245
48173,48,Glasscock County,1116
48155,48,Foard County,1095
48345,48,Motley County,1063
48393,48,Roberts County,827
48443,48,Terrell County,760
48263,48,Kent County,753
48033,48,Borden County,631
48311,48,McMullen County,600
48261,48,Kenedy County,350
48269,48,King County,265
48301,48,Loving County,64
49035,49,Salt Lake County,1185238
49049,49,Utah County,659399
49011,49,Davis County,362679
49057,49,Weber County,262223
49053,49,Washington County,180279
49005,49,Cache County,133154
49045,49,Tooele County,72698
49003,49,Box Elder County,57666
49021,49,Iron County,57289
49043,49,Summit County,42357
49047,49,Uintah County,35620
49051,49,Wasatch County,34788
49039,49,Sanpete County,28437
49041,49,Sevier County,21522
49007,49,Carbon County,20412
49013,49,Duchesne County,19596
49037,49,San Juan County,14518
49027,49,Millard County,12975
49029,49,Morgan County,12295
49023,49,Juab County,11786
49015,49,Emery County,9825
49019,49,Grand County,9669
49025,49,Kane County,7667
49001,49,Beaver County,7072
49017,49,Garfield County,5083
49033,49,Rich County,2510
49055,49,Wayne County,2486
49031,49,Piute County,1438
49009,49,Daggett County,935
50007,50,Chittenden County,168323
50021,50,Rutland County,60572
50023,50,Washington County,59807
50027,50,Windsor County,57753
50011,50,Franklin County,49946
50025,50,Windham County,45905
50001,50,Addison County,37363
50003,50,Bennington County,37347
50005,50,Caledonia County,30233
50017,50,Orange County,29277
50019,50,Orleans County,27393
50015,50,Lamoille County,25945
50013,50,Grand Isle County,7293
50009,50,Essex County,5920
51059,51,Fairfax County,1150309
51153,51,Prince William County,482204
51810,51,Virginia Beach city,459470
51107,51,Loudoun County,420959
51041,51,Chesterfield County,364548
51087,51,Henrico County,334389
51550,51,Chesapeake city,249422
51013,51,Arlington County,238643
51710,51,Norfolk city,238005
51760,51,Richmond city,226610
51700,51,Newport News city,186247
51510,51,Alexandria city,159467
51179,51,Stafford County,156927
51177,51,Spotsylvania County,140032
51650,51,Hampton city,137148
51003,51,Albemarle County,112395
51085,51,Hanover County,109979
51770,51,Roanoke city,100011
51121,51,Montgomery County,99721
51740,51,Portsmouth city,97915
51161,51,Roanoke County,96929
51800,51,Suffolk city,94324
51069,51,Frederick County,91419
51165,51,Rockingham County,83757
51019,51,Bedford County,79462
51680,51,Lynchburg city,79009
51095,51,James City County,78254
51015,51,Augusta County,77487
51061,51,Fauquier County,72972
51199,51,York County,70045
51143,51,Pittsylvania County,60501
51031,51,Campbell County,55696
51067,51,Franklin County,54477
51191,51,Washington County,53935
51047,51,Culpeper County,52552
51660,51,Harrisonburg city,51814
51089,51,Henry County,50948
51540,51,Charlottesville city,46553
51171,51,Shenandoah County,44186
51149,51,Prince George County,43010
51683,51,Manassas city,42772
51590,51,Danville city,42590
51187,51,Warren County,40727
51185,51,Tazewell County,40429
51073,51,Gloucester County,38711
51093,51,Isle of Wight County,38606
51109,51,Louisa County,37596
51137,51,Orange County,36254
51195,51,Wise County,36130
51083,51,Halifax County,34022
51155,51,Pulaski County,33800
51023,51,Botetourt County,33596
51730,51,Petersburg city,33458
51001,51,Accomack County,33413
51009,51,Amherst County,31307
51033,51,Caroline County,30887
51145,51,Powhatan County,30333
51117,51,Mecklenburg County,30319
51173,51,Smyth County,29800
51035,51,Carroll County,29155
51197,51,Wythe County,28290
51840,51,Winchester city,28120
51630,51,Fredericksburg city,27982
51053,51,Dinwiddie County,27947
51065,51,Fluvanna County,27249
51099,51,King George County,26723
51167,51,Russell County,25781
51790,51,Staunton city,25750
51775,51,Salem city,25346
51075,51,Goochland County,24727
51600,51,Fairfax city,24146
51139,51,Page County,23709
51670,51,Hopewell city,23033
51127,51,New Kent County,22945
51163,51,Rockbridge County,22650
51820,51,Waynesboro city,22196
51105,51,Lee County,22173
51147,51,Prince Edward County,21849
51169,51,Scott County,21576
51079,51,Greene County,20552
51027,51,Buchanan County,20355
51193,51,Westmoreland County,18477
51570,51,Colonial Heights city,18170
51175,51,Southampton County,17996
51101,51,King William County,17810
51141,51,Patrick County,17608
51520,51,Bristol city,17219
51685,51,Manassas Park city,17219
51029,51,Buckingham County,16824
51071,51,Giles County,16787
51011,51,Appomattox County,16119
51750,51,Radford city,16070
51025,51,Brunswick County,15849
51135,51,Nottoway County,15642
51063,51,Floyd County,15476
51830,51,Williamsburg city,15425
51077,51,Grayson County,15333
51005,51,Alleghany County,15223
51043,51,Clarke County,14783
51125,51,Nelson County,14775
51610,51,Falls Church city,14658
51051,51,Dickenson County,14124
51113,51,Madison County,13837
51690,51,Martinsville city,13485
51007,51,Amelia County,13265
51735,51,Poquoson city,12460
51131,51,Northampton County,12282
51111,51,Lunenburg County,11936
51133,51,Northumberland County,11839
51037,51,Charlotte County,11529
51081,51,Greensville County,11391
51103,51,Lancaster County,10919
51183,51,Sussex County,10829
51119,51,Middlesex County,10625
51057,51,Essex County,10599
51049,51,Cumberland County,9675
51159,51,Richmond County,8923
51115,51,Mathews County,8533
51620,51,Franklin city,8180
51157,51,Rappahannock County,7348
51678,51,Lexington city,7320
51036,51,Charles City County,6773
51640,51,Galax city,6720
51530,51,Buena Vista city,6641
51097,51,King and Queen County,6608
51181,51,Surry County,6561
51021,51,Bland County,6270
51595,51,Emporia city,5766
51580,51,Covington city,5737
51045,51,Craig County,4892
51017,51,Bath County,4209
51720,51,Norton city,3687
51091,51,Highland County,2232
51515,51,Bedford city,0
51560,51,Clifton Forge city,0
53033,53,King County,2269675
53053,53,Pierce County,921130
53061,53,Snohomish County,827957
53063,53,Spokane County,539339
53011,53,Clark County,503311
53067,53,Thurston County,294793
53035,53,Kitsap County,275611
53077,53,Yakima County,256728
53073,53,Whatcom County,226847
53005,53,Benton County,206873
53057,53,Skagit County,129523
53015,53,Cowlitz County,110730
53025,53,Grant County,99123
53021,53,Franklin County,96749
53029,53,Island County,86857
53041,53,Lewis County,82149
53007,53,Chelan County,79074
53009,53,Clallam County,77155
53027,53,Grays Harbor County,75636
53045,53,Mason County,65726
53071,53,Walla Walla County,62584
53075,53,Whitman County,47973
53065,53,Stevens County,46445
53037,53,Kittitas County,44337
53017,53,Douglas County,42938
53047,53,Okanogan County,42104
53031,53,Jefferson County,32977
53049,53,Pacific County,23365
53039,53,Klickitat County,22735
53003,53,Asotin County,22285
53001,53,Adams County,20613
53055,53,San Juan County,17788
53051,53,Pend Oreille County,13401
53059,53,Skamania County,12036
53043,53,Lincoln County,10876
53019,53,Ferry County,7178
53069,53,Wahkiakum County,4422
53013,53,Columbia County,3952
53023,53,Garfield County,2286
54039,54,Kanawha County,180745
54003,54,Berkeley County,122076
54061,54,Monongalia County,105822
54011,54,Cabell County,94350
54107,54,Wood County,84296
54081,54,Raleigh County,74591
54033,54,Harrison County,65921
54055,54,Mercer County,59664
54037,54,Jefferson County,57701
54079,54,Putnam County,57440
54049,54,Marion County,56205
54069,54,Ohio County,42425
54019,54,Fayette County,40488
54099,54,Wayne County,38982
54077,54,Preston County,34216
54025,54,Greenbrier County,32977
54045,54,Logan County,32567
54051,54,Marshall County,30591
54029,54,Hancock County,29095
54083,54,Randolph County,27932
54035,54,Jackson County,27791
54057,54,Mineral County,26938
54053,54,Mason County,25453
54067,54,Nicholas County,24604
54097,54,Upshur County,23816
54059,54,Mingo County,23568
54027,54,Hampshire County,23093
54009,54,Brooke County,22559
54005,54,Boone County,21809
54109,54,Wyoming County,21382
54043,54,Lincoln County,20463
54047,54,McDowell County,19111
54065,54,Morgan County,17063
54041,54,Lewis County,17033
54091,54,Taylor County,16705
54001,54,Barbour County,15465
54103,54,Wetzel County,14442
54031,54,Hardy County,14299
54087,54,Roane County,14028
54007,54,Braxton County,12447
54063,54,Monroe County,12376
54089,54,Summers County,11959
54023,54,Grant County,10976
54085,54,Ritchie County,8444
54101,54,Webster County,8378
54095,54,Tyler County,8313
54015,54,Clay County,8051
54075,54,Pocahontas County,7869
54017,54,Doddridge County,7808
54073,54,Pleasants County,7653
54021,54,Gilmer County,7408
54093,54,Tucker County,6762
54013,54,Calhoun County,6229
54071,54,Pendleton County,6143
54105,54,Wirt County,5194
55079,55,Milwaukee County,939489
55025,55,Dane County,561504
55133,55,Waukesha County,406978
55009,55,Brown County,268740
55101,55,Racine County,197727
55087,55,Outagamie County,190705
55139,55,Winnebago County,171730
55059,55,Kenosha County,169151
55105,55,Rock County,163687
55073,55,Marathon County,138013
55131,55,Washington County,136761
55063,55,La Crosse County,120784
55117,55,Sheboygan County,118034
55127,55,Walworth County,106478
55035,55,Eau Claire County,105710
55039,55,Fond du Lac County,104154
55109,55,St. Croix County,93536
55089,55,Ozaukee County,91503
55027,55,Dodge County,89396
55055,55,Jefferson County,84900
55071,55,Manitowoc County,81359
55141,55,Wood County,74207
55097,55,Portage County,70377
55017,55,Chippewa County,66297
55111,55,Sauk County,65763
55021,55,Columbia County,58490
55015,55,Calumet County,52442
55043,55,Grant County,51938
55135,55,Waupaca County,51812
55005,55,Barron County,46711
55081,55,Monroe County,46274
55033,55,Dunn County,45440
55095,55,Polk County,44977
55031,55,Douglas County,44295
55093,55,Pierce County,42212
55075,55,Marinette County,41872
55115,55,Shawano County,40881
55083,55,Oconto County,38965
55085,55,Oneida County,37845
55045,55,Green County,37093
55019,55,Clark County,34659
55121,55,Trempealeau County,30760
55123,55,Vernon County,30714
55029,55,Door County,30066
55069,55,Lincoln County,28415
55057,55,Juneau County,26718
55137,55,Waushara County,24520
55049,55,Iowa County,23709
55125,55,Vilas County,23047
55053,55,Jackson County,21145
55001,55,Adams County,20654
55061,55,Kewaunee County,20563
55119,55,Taylor County,19913
55067,55,Langlade County,19491
55047,55,Green Lake County,19018
55113,55,Sawyer County,18074
55103,55,Richland County,17304
55129,55,Washburn County,16623
55065,55,Lafayette County,16611
55013,55,Burnett County,16526
55007,55,Bayfield County,16220
55023,55,Crawford County,16113
55003,55,Ashland County,16027
55077,55,Marquette County,15592
55107,55,Rusk County,14188
55099,55,Price County,14054
55011,55,Buffalo County,13317
55041,55,Forest County,9179
55091,55,Pepin County,7318
55051,55,Iron County,6137
55037,55,Florence County,4558
55078,55,Menominee County,4255
56021,56,Laramie County,100512
56025,56,Natrona County,79955
56005,56,Campbell County,47026
56037,56,Sweetwater County,42272
56013,56,Fremont County,39234
56001,56,Albany County,37066
56033,56,Sheridan County,30921
56029,56,Park County,29624
56039,56,Teton County,23331
56041,56,Uinta County,20450
56023,56,Lincoln County,19581
56007,56,Carbon County,14537
56009,56,Converse County,13751
56015,56,Goshen County,12498
56003,56,Big Horn County,11521
56035,56,Sublette County,8728
56031,56,Platte County,8605
56019,56,Johnson County,8447
56043,56,Washakie County,7685
56011,56,Crook County,7181
56045,56,Weston County,6838
56017,56,Hot Springs County,4621
56027,56,Niobrara County,2467
